model,average_precision,roc_auc,balanced_accuracy,sensitivity,specificity,precision,f1,accuracy,tn,fp,fn,tp
vmd/logistic,0.15402471854421426,0.7262456879032007,0.6654079947056311,0.6157205240174672,0.7150954653937948,0.12864963503649635,0.21283018867924527,0.7087405752583077,2397.0,955.0,88.0,141.0
vmd/weighted_knn,0.12060449240231425,0.6315345853612782,0.5058043949515899,0.013100436681222707,0.9985083532219571,0.375,0.02531645569620253,0.9354928790840548,3347.0,5.0,226.0,3.0
vmd/vqc_seed0,0.14139933079477252,0.706223749622203,0.6536239851590916,0.6157205240174672,0.6915274463007159,0.12,0.20085470085470086,0.6866796984082658,2318.0,1034.0,88.0,141.0
vmd/vqc_seed1,0.13949619141673078,0.713228627111755,0.653498921324426,0.5414847161572053,0.7655131264916468,0.13626373626373625,0.2177348551360843,0.7511868193242112,2566.0,786.0,105.0,124.0
vmd/vqc_seed2,0.15164160169656174,0.7133302414774206,0.6458784952736292,0.5545851528384279,0.7371718377088305,0.1259920634920635,0.2053354890864996,0.7254956716001117,2471.0,881.0,102.0,127.0
wst/logistic,0.15685052654863504,0.7276813165052995,0.6649083907411075,0.6681222707423581,0.6616945107398569,0.11888111888111888,0.20184696569920843,0.6621055571069534,2218.0,1134.0,76.0,153.0
wst/weighted_knn,0.13828528927802947,0.6405750070348407,0.5128021073256142,0.026200873362445413,0.9994033412887828,0.75,0.05063291139240506,0.9371683887182352,3350.0,2.0,223.0,6.0
wst/vqc_seed0,0.12693663476484232,0.6795069879417618,0.6267854165146793,0.5545851528384279,0.6989856801909308,0.11179577464788733,0.18608058608058609,0.6897514660709299,2343.0,1009.0,102.0,127.0
wst/vqc_seed1,0.1468745097319168,0.7022503673750143,0.6373200904628404,0.5109170305676856,0.7637231503579952,0.12871287128712872,0.2056239015817223,0.7475565484501536,2560.0,792.0,112.0,117.0
wst/vqc_seed2,0.13187093970615565,0.6910193744723869,0.6383251607591375,0.5502183406113537,0.7264319809069213,0.12080536912751678,0.19811320754716982,0.7151633621893326,2435.0,917.0,103.0,126.0
constant_prevalence,0.0639486177045518,0.5,0.5,0.0,1.0,0.0,0.0,0.9360513822954482,3352.0,0.0,229.0,0.0
