path,bytes,sha256
analysis_summary.json,980,868a64deda348f3c87c5673692d1af2cdf2d62838f51fbad2c1b63174aa7b006
archive.log,143,999543ba25cec4959f7377babe47ac9208690aa4a4cdebfec96db71d733d6af9
comparison_metrics.csv,7764,8fb9b5cb75a823ba0253063a0ba471b46664d500666bc191f753892d97bae8e9
completed.json,117,e34c2b0f3b36df4cf525819ca603c61bb7ccd8044aa5753d18755b9a704b09f0
declared_protocol.md,5317,cfc09befff39afa54b859e03988124f24fe423cadf783e9e31bccb48ea963d46
environment.json,2011,151725c29754debea768dcd1ea75276e8ecb4e57fd0d169ab35beecc254901a7
inner/vmd_o0_i0_compact_once.joblib,9063,074f431deb1c4e7a441839842b4298df345b4ef3c7f1f2c6cbaf2d095f11a32a
inner/vmd_o0_i0_compact_once.json,746,3f2679cf4c8592cb4e1316d0638ba538f8ada184ef34fe4a881028620561c207
inner/vmd_o0_i0_compact_once_checkpoints.npz,6336,878ea773c67b1983083cc7b0c336976f42973ba5702fc568eda8410dd8b87d59
inner/vmd_o0_i0_compact_once_history.csv,7162,a9058f4b79b521d8d2562820326c7655a66272c568c1c8726b237859b60a7f12
inner/vmd_o0_i0_compact_once_predictions.npz,2628,2ef1d2e06fd2772c9d2ee0e85f595e20f9fc11b886dd96aeef8cab9d80f2c925
inner/vmd_o0_i0_compact_once_started.json,193,375e0d9617c7703d113bd813d6e11585ad84db3b5d2f9c15d3c3672ec9f2a7e7
inner/vmd_o0_i0_compact_once_weights.npz,3625,6084167c8d4d21d3be871e35ce957afd95f641be92b3db49be5f9fedf832e01a
inner/vmd_o0_i0_reupload_2.joblib,9150,de4584441f524fef11e5005b9a11859081ba81e2cf8d1ef03ffa6ad4f11bc03c
inner/vmd_o0_i0_reupload_2.json,746,01673e3b178370a050fa557a71d98e343b5a515d2571ad7238dfd44a7e8c6ce7
inner/vmd_o0_i0_reupload_2_checkpoints.npz,6338,5fa2399826f31eb437c22389f8894fb8a6666aba143ae52336f3f639ee67d630
inner/vmd_o0_i0_reupload_2_history.csv,7181,144e8c7df25b7cf97b5711d2c3018abc73d94370aca3764d6e365cc7bbedf2aa
inner/vmd_o0_i0_reupload_2_predictions.npz,2700,6c1bfff0fa027d0cdfc230844a82f6e96c5b774c8d614ea00a7ddb07cf60c736
inner/vmd_o0_i0_reupload_2_started.json,191,2b942cb0f64f4de24694b93b88b216e0b0b3c3d9f8d36bb95e08e701a534a7ed
inner/vmd_o0_i0_reupload_2_weights.npz,3625,2be0ed18eab4566b1ec1a74e9ecf364b5775325e1a8446c229a27ee9a793f00e
inner/vmd_o0_i0_reupload_3.joblib,9711,5a3195b3ef37f81743055aa450f535cd2a2142fc0dd7c4e9d5477e09ca347c5e
inner/vmd_o0_i0_reupload_3.json,732,8b37556a12bd0a416f2696f1a3105b44ca32ffaef0c6c14e22b3a1b8d0949811
inner/vmd_o0_i0_reupload_3_checkpoints.npz,6943,198a3be92eb863f6be2b23a1ed4b8ece6b951fb534c622623497a711f26e6a37
inner/vmd_o0_i0_reupload_3_history.csv,7137,452c3f11bd6253cd898c67f4d70c00cf0ce5b4276794773b5fe390cba895fbd6
inner/vmd_o0_i0_reupload_3_predictions.npz,2664,2b25e3b56aaea1c3554738878bff5c379b83afc6f40a8133a869c636de1da674
inner/vmd_o0_i0_reupload_3_started.json,191,39af4e4b19407df92df06c87efb2f45f1b249e275ad6f705d7e1733a16fa1502
inner/vmd_o0_i0_reupload_3_weights.npz,3776,75484ecccf505359e6b10373471ec2abdc963c58e09804b250b5f577e0de5258
inner/vmd_o0_i1_compact_once.joblib,9184,b4035de6cb7f1f6cc10359d4eeb4ce5a9f6ed5c0b068636e4a05b330f600f4c1
inner/vmd_o0_i1_compact_once.json,748,0df4146cd1821a1a06b2376f05ad6c8b73f0a85a6652ba3da015b8d1cc5fb42d
inner/vmd_o0_i1_compact_once_checkpoints.npz,6332,8397cc35aec188b79d956455fc3cd7442173203c6abc6718e843c361950bda31
inner/vmd_o0_i1_compact_once_history.csv,7154,1d83e29935bdf6703bb161b7fbc1729c0ad35182feaf73514eac408cc9e621d4
inner/vmd_o0_i1_compact_once_predictions.npz,2642,6127c5d62cc6aea70e75aa742686f329ead7dc55fd5b6a4cbbd51679bee31dd8
inner/vmd_o0_i1_compact_once_started.json,193,bd1e0033d87dc58a8fd5b243b3edacc4185005c75d5cba71f98cb96e149bff19
inner/vmd_o0_i1_compact_once_weights.npz,3623,9d3b684bb51ba069a4cafabf91eb023fb4e7c4330574991bc220c78a1869b634
inner/vmd_o0_i1_reupload_2.joblib,9141,fcd53f7cec0fd64883c15d76ab08cc9b8f8eb8d9776c1bbcb4858ffa193d5621
inner/vmd_o0_i1_reupload_2.json,745,f69d604a898dc9c3c4e2a0b8b55607849147fd00bc86f42f3319dae1168b9207
inner/vmd_o0_i1_reupload_2_checkpoints.npz,6339,f19129cb469c30b6c50db257e6245a596fb80f29f833f358adaae3d5b0e60372
inner/vmd_o0_i1_reupload_2_history.csv,7172,4863a74ffa8d5a1338c89d8a4a7d4a3ddcb88a3e3507a8ebfaea16773d7eaf50
inner/vmd_o0_i1_reupload_2_predictions.npz,2635,148ff2a43045d3a65735433e22414003385b9f763d2aff2f1d8d2a907d1547a2
inner/vmd_o0_i1_reupload_2_started.json,191,a30363926a0eb93471d63e8a8e34a3cf5c0b0bb282a3f3c3025633bc63538bea
inner/vmd_o0_i1_reupload_2_weights.npz,3627,8b2704c6efbee4ed3643327ce014beb7216dbaab1a40f5fd45596283976b2a4e
inner/vmd_o0_i1_reupload_3.joblib,9761,2023a15419c7b6fc8e93b260a6be64efc3dcfbf7b2cfa8837ed036c15a192276
inner/vmd_o0_i1_reupload_3.json,746,645dafae22a10e3a67d4019dedf8266ea50b5eb5845489993a7e0e7ccb9d5fd9
inner/vmd_o0_i1_reupload_3_checkpoints.npz,6949,62c80804937cd831f30130ee8f5c8a257442b87ae46d1bb99aed9b03ce6fe8da
inner/vmd_o0_i1_reupload_3_history.csv,7160,768c2993a2730ab962674a4022588358dba288dc59084d5fb9e67b2b885310ba
inner/vmd_o0_i1_reupload_3_predictions.npz,2690,f2be78f01e988061c5b675598e654d33e8acbe707d984382211dbdc9b15fdb2c
inner/vmd_o0_i1_reupload_3_started.json,191,83de46b81346c92db6cf1bbca2018ae67268e8731d3e770d5240401d7d249ed7
inner/vmd_o0_i1_reupload_3_weights.npz,3780,8cbc78a5edb34b2e49e77bd671aa719725d5cb13654d0189238e85fb48772beb
inner/vmd_o0_i2_compact_once.joblib,9113,87c0097dd16be20fb89085974dd4a5523c536735c43f8ea16c9581545ce040ae
inner/vmd_o0_i2_compact_once.json,745,312c3996ecd420f8fd574fdd449c0be18b305db834ad9aea8c11ff6f90ccfd4d
inner/vmd_o0_i2_compact_once_checkpoints.npz,6337,152421d31c873cd221672b2e60224f95d09d2b4df9cfbc3c34519b3c46a9651e
inner/vmd_o0_i2_compact_once_history.csv,7147,6746606139454f1e1282795067197bfe6428f533d6acabfe415a1fac9bea6855
inner/vmd_o0_i2_compact_once_predictions.npz,2617,27c4e5c6f53b1f98df8bca8071d9ba69072387c3a7367a4fb9b39771a5bbf4be
inner/vmd_o0_i2_compact_once_started.json,193,fdd727c4c13980eaa30a69e3935adfb08bc9c5cbe1c22b131705d7359ed980dd
inner/vmd_o0_i2_compact_once_weights.npz,3623,515a109c7ff239c6c43dba83f8fb85746c9dedc07a47271224b569e546688029
inner/vmd_o0_i2_reupload_2.joblib,9033,d526646fa94b0903dc0b1020544afbd56f2d2cd7d89c5217a0f10da0d5186879
inner/vmd_o0_i2_reupload_2.json,744,681ef379cedf21a6235ba475da3d64c5c71c88ffd1a9d88f7ede8a0346c3b898
inner/vmd_o0_i2_reupload_2_checkpoints.npz,6348,4f62cf1553d2ccaafdeb4e2b8665f6eb8bf1e17a8448db6cae79308c85f83a6d
inner/vmd_o0_i2_reupload_2_history.csv,7152,fefe4306c7b5e73169a1eeae322cf4b37beb671b15e4bffa82a59f9aece03962
inner/vmd_o0_i2_reupload_2_predictions.npz,2549,b40b7baf4add262f6f61ba2a45871505bd69be1607fc486d6c3065d70bbe78e6
inner/vmd_o0_i2_reupload_2_started.json,191,1a1515c5b1de79e7eaf2ad6b0da7ca852b7857431f753377118db7793c2a472a
inner/vmd_o0_i2_reupload_2_weights.npz,3626,b23da7771bdf73101c395898e74b51ea0b267ec5ddbc0aa87c2ce087e1d36787
inner/vmd_o0_i2_reupload_3.joblib,9654,6aade90c826e9f28123f602c32600472270a358f7926f6add4124e4aa4011a00
inner/vmd_o0_i2_reupload_3.json,746,c2b9c7296c59e570b421cf9a4d239650f65f9f3ecaaac3c3b72d10f5fb18c07d
inner/vmd_o0_i2_reupload_3_checkpoints.npz,6950,1e4cc460a8b3288decf44ca0aad766edd4a684d828c9712cae842e730c29334a
inner/vmd_o0_i2_reupload_3_history.csv,7162,069661b2ef0782f5a7bd5800aecf59d9c4f5f3d01b9d829fb9352fb0b093af41
inner/vmd_o0_i2_reupload_3_predictions.npz,2609,5c480d8311452f1b8f918a7e65f23476e741561478970006637eecd817e14090
inner/vmd_o0_i2_reupload_3_started.json,191,2b8a078470c41aa83a7c93230b28d43c3c6ee0ad8eaa444e4ad327ae3bcbecd8
inner/vmd_o0_i2_reupload_3_weights.npz,3777,2f9dc0816195e8afeac4a0e5d486489f23c5e9c8429c51eb2159350a4fe125a7
inner/vmd_o1_i0_compact_once.joblib,9072,24fa50e249610210bb682a42709018aad218b51311b71dfb67c143d1dd565ce2
inner/vmd_o1_i0_compact_once.json,733,9bec2cbfd474dbc2b0ab1b01be12723118b7eda42ffc509dd4f431c1b8b0722c
inner/vmd_o1_i0_compact_once_checkpoints.npz,6341,ec658e3803eb37cf0c901dbe77e885ef73dfb2beae18a812e578d15ae00c5229
inner/vmd_o1_i0_compact_once_history.csv,7123,72b29808a01c0abd106c89cd20bc8c82aac0bd6c1a962652e1f7d50e2317fd5d
inner/vmd_o1_i0_compact_once_predictions.npz,2580,f5d9d9273b6a4fabae1c31eccc6a359d8e23a5151ead50442990c00e99a30d53
inner/vmd_o1_i0_compact_once_started.json,193,bb23c452f199a72cffca7922fbd10ee64937f1e884187b54dc8ff98d68a9387d
inner/vmd_o1_i0_compact_once_weights.npz,3622,b9047ab4e7814ca7221e2adcbdf1e4fdfcb500565bd0947eca88740c8f649529
inner/vmd_o1_i0_reupload_2.joblib,9106,a6b01b89917dc87c51c45c33a1df3c557274803ce89ac517442140e026f6b482
inner/vmd_o1_i0_reupload_2.json,744,d63403531e0ed984149fe01fcbf07f55589e04c6b98f3fa9dc3cdaefdad3285f
inner/vmd_o1_i0_reupload_2_checkpoints.npz,6335,3be29b30e1249305b02ad98f707134ac1e24ef9da9620e341164afe5292d9162
inner/vmd_o1_i0_reupload_2_history.csv,7145,80b863ed7f7dcfbe60c9500d663ae2ced1268b70b30afb0f0aedd9ce645d1fab
inner/vmd_o1_i0_reupload_2_predictions.npz,2646,2f1add53444d45f944605dc8779caf0608eb35b7981bcda96f6df14f0014a5b3
inner/vmd_o1_i0_reupload_2_started.json,191,b2839368ea875dd510017aa92c3aae8bebc8f7766ccf0de26ff8c9a5e5c00ed2
inner/vmd_o1_i0_reupload_2_weights.npz,3619,411c0f8a4d264a2e85d2f84b2a28dcf67ed877f4d5465f0df61683f6ae63636b
inner/vmd_o1_i0_reupload_3.joblib,9710,b15bd6ba1b1286041376ef8fecebcf8367dfd7f48c4d3b128f80a97571e327f8
inner/vmd_o1_i0_reupload_3.json,744,670efc85f01ec681d642748d6b621137aedbde3e6c68a8e0308a521d59890658
inner/vmd_o1_i0_reupload_3_checkpoints.npz,6936,e265a7d128860e3543ba624312a6f98dace5e6241bed2744f7470007bbc92a2f
inner/vmd_o1_i0_reupload_3_history.csv,7143,795749ae2f43f843c79c0204db79b2b128cfd1700178fba0215153a2bdb95ceb
inner/vmd_o1_i0_reupload_3_predictions.npz,2631,57b3dc90eda38a011a6bcfaeb9a3e7ecc9fa10496e1a7ecc3984d4edb6631ffe
inner/vmd_o1_i0_reupload_3_started.json,191,5c2de4a340b7d2e9496e4aa98b517bc1f17a170de5fbea1595dc6834ecf695fe
inner/vmd_o1_i0_reupload_3_weights.npz,3770,d655bb7b7f2fbdfd88896524b16c268b972bbd684d7359c01bfba26999afe885
inner/vmd_o1_i1_compact_once.joblib,9071,3cc46703366ddc4d18f0aab54ca23364508c5c4f5294f32df5bf37a7c9aa8a9c
inner/vmd_o1_i1_compact_once.json,748,95d5c5b1aa355ce6c44c5f68d957525ea7c5b1e830303ac7b462c5fe25b9d0a4
inner/vmd_o1_i1_compact_once_checkpoints.npz,6333,450a26254638b12de4729abcad8feeba5b055acd40739860f776c2c22e041433
inner/vmd_o1_i1_compact_once_history.csv,7156,071f9ab9a8309785a50ef8dcf47ded6f2ee5b0d84511b7ef1a6879b548e137ef
inner/vmd_o1_i1_compact_once_predictions.npz,2661,6c2ffc9e39a7878a8263daa4b8aa0a497b94d771968a9936c39fbc9e3f8b42aa
inner/vmd_o1_i1_compact_once_started.json,193,1af73b030d1e82237da69197384caf28231fc71af2c36ae4332566d230c7d4d1
inner/vmd_o1_i1_compact_once_weights.npz,3626,994a7def037d3e3038238c879e241b923b89d02129620be0cdf4889ece18aecf
inner/vmd_o1_i1_reupload_2.joblib,9114,31d34e42fdc08e64caf0334d917f077a273a93f37e585a4d5ed0ee9be3f251d3
inner/vmd_o1_i1_reupload_2.json,746,6d87b80d9d9979df2c24708e01fe24a8e7b8a92732ca22e2aa9cc932ee6a246f
inner/vmd_o1_i1_reupload_2_checkpoints.npz,6330,91a32d30a2f715d0c3c794fb40e44a8f72fbae82a69e9ed9dd5eeac1bdf04a3d
inner/vmd_o1_i1_reupload_2_history.csv,7186,d5b478ab6ee690aec147c3651199a19a62b719e5cfd7a906f37a961db56af7b1
inner/vmd_o1_i1_reupload_2_predictions.npz,2679,6c590f92fc3d4fe43fdb92401b281600991d4193bf559efa37282ab7059dbc9f
inner/vmd_o1_i1_reupload_2_started.json,191,27a75f906119daa377ca9552069f0da53ea3a4c356eea27f6bfbfee467c829f9
inner/vmd_o1_i1_reupload_2_weights.npz,3625,65d77abaafc82a972fbc1cafb07caf00338ccfae12ece6ab2541b24c18a22da9
inner/vmd_o1_i1_reupload_3.joblib,9777,427f601a419bcf8c20eb1b46e9dc33a1ce7773a5cbe0f9462c4df78f2335abcc
inner/vmd_o1_i1_reupload_3.json,731,2a39ba5b6ddf9ce00e0aab622196e8f705195d4744e6eb97f3ebfc2309ea9f7d
inner/vmd_o1_i1_reupload_3_checkpoints.npz,6953,384cbd8d44a1bf4a691ae88984a80f392261a166680120c7fcdbf29b57b90012
inner/vmd_o1_i1_reupload_3_history.csv,7141,05f76e41673fa516f98680aa20ba4adf415a83a924509b7d66bbd5a60ec4e9f9
inner/vmd_o1_i1_reupload_3_predictions.npz,2694,24440b342335387503400cb3a409a5d6b6f720a9287f1d3371313a333ea9513b
inner/vmd_o1_i1_reupload_3_started.json,191,9f6f52f308366ff7d41dc0cf8b6f47838b2f04faf6fd97e4fa9271068b3642a8
inner/vmd_o1_i1_reupload_3_weights.npz,3782,832ad3729255ba27201fc9615a10d0356737c2adbff5bac5736a6b241aa8c40f
inner/vmd_o1_i2_compact_once.joblib,8777,c944b2c96ff73e9c9d607c9296fa3d20fed0a20bd9c3f0727f2f0ef4d4731dae
inner/vmd_o1_i2_compact_once.json,735,af28d96504650e432c66e14237ab55e4d6bcc2f99a0d937132b345972e8e3ad8
inner/vmd_o1_i2_compact_once_checkpoints.npz,6337,03827aff1260fe698462dabc2300cfd405f602973ede491c0ee9c4d110adffed
inner/vmd_o1_i2_compact_once_history.csv,7126,73ea82ec7e232320c3908ef3e67009ac1eecee78350b6929800420ae23f7f581
inner/vmd_o1_i2_compact_once_predictions.npz,2485,346b8d16d55f13097ecd78801e989c67d712ad27f8f06d2fe6455ff11b7fe0e8
inner/vmd_o1_i2_compact_once_started.json,193,c82b9b9468563495ed3a80dd9e7502d7b99f5e7d9284986dc211b842f0431731
inner/vmd_o1_i2_compact_once_weights.npz,3625,cf3a54e04ef14d191803eae5544db0e6f9b5d44a7b7ad04af219374569cc53c2
inner/vmd_o1_i2_reupload_2.joblib,9114,4c93860fe672413ba828ae2dd9152b7470c2664a291429cd17e9cab2d34fb808
inner/vmd_o1_i2_reupload_2.json,745,8e5c3cc53e353bde7348ddd7d07640c98096964c65ffcab028d14b133c6dcebd
inner/vmd_o1_i2_reupload_2_checkpoints.npz,6341,f77e2cba1dbc06fb67a41ad57a046d2fe3da68c0e09a337df0917f36f440f819
inner/vmd_o1_i2_reupload_2_history.csv,7143,74ffc42fe4b8886091bfbb22d7db89dc7e9f31e1660c28d3ed921c38407d2e15
inner/vmd_o1_i2_reupload_2_predictions.npz,2616,4e6b8d6df8c37d2a39e0740587fb830bcfa377de56693f02a73c2b4c9d364175
inner/vmd_o1_i2_reupload_2_started.json,191,07ff42d074cf6e71bf25c981ee5d24480eb42f2a9cdb2cbe579b70fb078df2a9
inner/vmd_o1_i2_reupload_2_weights.npz,3630,413132252286400e5485649fc078f39c1fac93356fd83490c5fd98c91701ec7c
inner/vmd_o1_i2_reupload_3.joblib,9724,97a8057bd83e8f2e032f1ae4776ce9ca91c9b8c580a4a3e8a146a05fd037f78d
inner/vmd_o1_i2_reupload_3.json,744,f7da5a2da179fbad4afea1f150e4b0180011262c1f47fc016f0af9b13fec7c6a
inner/vmd_o1_i2_reupload_3_checkpoints.npz,6949,e8abc11de1e67f7f5c4e7a8296ead12bdf2c510f6dc5b9d14867203d6de2cbdc
inner/vmd_o1_i2_reupload_3_history.csv,7148,f7d3de92a5046c2a3bc2c13835cb86bb3ca15420c53ecca1d91a3468ec63ae5b
inner/vmd_o1_i2_reupload_3_predictions.npz,2675,28cd55bbd20c42d65c6c8602adc1347633edad2c2d24e0cee5bd87c6bec728b4
inner/vmd_o1_i2_reupload_3_started.json,191,e71ee7848e1a395288bb74282cacab67469731f5b1c35ffda179c60503f6812a
inner/vmd_o1_i2_reupload_3_weights.npz,3779,0460df3f5ec609472399ac648e472029e9b0fbc0efaadbb01837c2ff4dc3d738
inner/vmd_o2_i0_compact_once.joblib,8935,4e80948d4c7de8e321511da6168f55cb77f0d3ecb38a1e28ed2846064e3e0328
inner/vmd_o2_i0_compact_once.json,744,58515f64526357630b33eac42f65c7d6889c768105c2d5ee1d4816463cb5340a
inner/vmd_o2_i0_compact_once_checkpoints.npz,6338,3f250a18f6dcf393919188be30bed676caae6cd5b9a7e1a265b523499688cd55
inner/vmd_o2_i0_compact_once_history.csv,7167,638a3b291cd1acfe5997adf48dccfb19a4cdb2e71785ac2109eb9a4b0935089d
inner/vmd_o2_i0_compact_once_predictions.npz,2486,c5a0ee876d0677a372937b936ec318d5a83ab44362061b0205d406dbcfa92d10
inner/vmd_o2_i0_compact_once_started.json,193,0df45c08f3c4c803ea24ce210d6ee395b4c97c1f44ed33bedaa32ab93e094545
inner/vmd_o2_i0_compact_once_weights.npz,3620,82a86c5f045ba6b7b7d18e6b3028cd940778a7585b7cb1c08ef0c9f59bda320d
inner/vmd_o2_i0_reupload_2.joblib,9054,185269b4e6e2e2cc66d43eecfc895cce1ee1b75b2c4f2064bd8a040a2c1520fe
inner/vmd_o2_i0_reupload_2.json,746,d56f2ff74cf9a4c0a4086c402d5273afc14f63398550a993bb9f56bf81ec0672
inner/vmd_o2_i0_reupload_2_checkpoints.npz,6325,89789054dfca652b3a18105b0a1435c5faed1fc05f1de608d346706f5dd1b670
inner/vmd_o2_i0_reupload_2_history.csv,7194,f704f39965fcf0adfe166e7f7509f8d39529979a4d884b1ff17af93b43543a7b
inner/vmd_o2_i0_reupload_2_predictions.npz,2593,405b34d70e17f4927a36008dc29cec341d9840a6a0c13430c26a963a8abc1905
inner/vmd_o2_i0_reupload_2_started.json,191,0f16c0e8a815318422ddf14752982d36604ea3697a68afaa3c36c2e99902bdd8
inner/vmd_o2_i0_reupload_2_weights.npz,3617,9607592bf9faecee56e7638753254dc86c2ef3d42a1fcd71895d3c3b82c6da4f
inner/vmd_o2_i0_reupload_3.joblib,9616,cb14bc0194ee802c3ec7a64736dab79106c6f9a336923d399085d30ca0af45b4
inner/vmd_o2_i0_reupload_3.json,746,4fb74a3c109f4d384e85d46aa5a70d0201da8d5667df0ea6acbaa9bb009444ba
inner/vmd_o2_i0_reupload_3_checkpoints.npz,6946,1381f0ed0b7a1156c0c4202f3318381ff65ea4e32e192b775e2a1f69f52be12f
inner/vmd_o2_i0_reupload_3_history.csv,7155,bd7f6d6eca950e15a15f5134fcd00420601254936b451b5eecfba155953544b2
inner/vmd_o2_i0_reupload_3_predictions.npz,2595,9b3ca758f620e118e98485f6b7aa42edaf23330b01b2107d7fba7ac3da50fe4d
inner/vmd_o2_i0_reupload_3_started.json,191,0edf667a448a31571fb7f70f80904f48394871959fd14c7676fec0984b11ffd3
inner/vmd_o2_i0_reupload_3_weights.npz,3770,ada2bb27d8780e0fc9c2589eca3e14100a80f1983ecd0d315327e331de60319f
inner/vmd_o2_i1_compact_once.joblib,8993,559fcaeaaec79cb7fab196f3c7d49fb28d185f30c0157c58c7bab580f3f1eead
inner/vmd_o2_i1_compact_once.json,747,917982dd5b3e6acc4693daf19f3568395483615d3616cfb5a5edb34e7a2c98a7
inner/vmd_o2_i1_compact_once_checkpoints.npz,6340,8acce73dc615e7eb06c870a6a719e601f7937f9259777eba64294199885c4839
inner/vmd_o2_i1_compact_once_history.csv,7165,4eb69344a9476493ffece0edf4bf12e0f07ec7bd78a59b69da7b8476271b6e79
inner/vmd_o2_i1_compact_once_predictions.npz,2516,e439e5865cad5f71d843dc4f0cb9552ef09b80bc3411616c0d6b33ac3aa050e8
inner/vmd_o2_i1_compact_once_started.json,193,d5ecc88f25046f17347af75d11f9242a2cad42995b64c56f3d357e0f62fb5149
inner/vmd_o2_i1_compact_once_weights.npz,3625,e1c1a0ec21c248288a5de1ba2a1212f29078caa01b0962dd153e18da2e49553a
inner/vmd_o2_i1_reupload_2.joblib,9096,165b1ff7215c4cbd70143be857c3457c72426e63877b57941baba8ac1017e45d
inner/vmd_o2_i1_reupload_2.json,745,c1164de93d3461c7b0204e31a3997f99e9c11e28c2c217f9097b22e929381efe
inner/vmd_o2_i1_reupload_2_checkpoints.npz,6342,7b71d5db05af8831b2da3db40be291e13810bb854c59d80b73f64388f6f772c5
inner/vmd_o2_i1_reupload_2_history.csv,7164,6127e75828f43dad90142d339aa4ea34db22400b3fbe304aefca1b20b61229a5
inner/vmd_o2_i1_reupload_2_predictions.npz,2646,fbe541e28f98edacb972bd2438bae10a512dd0df923d108b257384e012a30307
inner/vmd_o2_i1_reupload_2_started.json,191,043775184834c7f3ef846d7fe2ee2da3962a9f69c444ce2b73bf39d8b57f613d
inner/vmd_o2_i1_reupload_2_weights.npz,3624,2361419fd51d6d72ecbcf32c6fd93d1b610594025a62d3cbb5f93a023c3ef9c6
inner/vmd_o2_i1_reupload_3.joblib,9697,2cde355562b0844fe0f15e8e8368f6161692b5ac51b49fc96a790a74728a018d
inner/vmd_o2_i1_reupload_3.json,732,7832176296ba0da6c38555c401e8843f91b647cc0c675cc59fe882b88b4c91d9
inner/vmd_o2_i1_reupload_3_checkpoints.npz,6943,11458dfb807a7068a6f831241909dd2015712515361ab896f92f25c326b5a5b3
inner/vmd_o2_i1_reupload_3_history.csv,7134,56631ed4040c51fed00596156072a8463380a94be4769b497e3846ecb939f0ef
inner/vmd_o2_i1_reupload_3_predictions.npz,2675,7dd7ac64eb6415a0fe274a9d8ba14472458ef53ca1e90f91746d905673958da7
inner/vmd_o2_i1_reupload_3_started.json,191,bdb9d5b962cfb6dacc15ef8075f4f34cc8f21befde3c39f919c3980b23b6efea
inner/vmd_o2_i1_reupload_3_weights.npz,3775,6e9c1d860972a0d5ad347921adbdf890dbea15a8b7b4256bc268dcfbf5287c92
inner/vmd_o2_i2_compact_once.joblib,8924,1759f92024ab8029ee13b892f53b7df0cf838260ba85bb3b17c2e37b6cdc2fb7
inner/vmd_o2_i2_compact_once.json,748,6ca398bdf69f196c3f9820a4fb8e058ec0a7aa93bdbac52c6297fdd46f1b6a84
inner/vmd_o2_i2_compact_once_checkpoints.npz,6331,bc4b067fe86c9f1bd59580c14fedc5a934e54264582ff9a4c0cfe212df18d683
inner/vmd_o2_i2_compact_once_history.csv,7168,aa92b4eff64bc1ca0690186150df70f8a0d826cc99626d06bb524ee33eac3dfd
inner/vmd_o2_i2_compact_once_predictions.npz,2511,2673ec88bdaf01c5037352036711b1bae3c4ff9f40a8ee026ae766bb280e92c4
inner/vmd_o2_i2_compact_once_started.json,193,8fba09e9504bfb5dc0b11690d99f9330382cc76ee4d95c2430a6432231c3085f
inner/vmd_o2_i2_compact_once_weights.npz,3618,ccb16224cccbce099167ea322688d3f1883c680381f21eb0c3bfb01486f89e5a
inner/vmd_o2_i2_reupload_2.joblib,8936,897b010b964d68666589fde8effbdce2a20170aae10496fe9fe7251f5274671d
inner/vmd_o2_i2_reupload_2.json,729,72571bc3ce36012302eb5289c7a691ad0b85822a41fa2af0bf129c2787fa0b32
inner/vmd_o2_i2_reupload_2_checkpoints.npz,6336,8af7df64b2ba2c95664171b37ba2375afe2faa383ef90f79b9584d57d4e3b320
inner/vmd_o2_i2_reupload_2_history.csv,7152,9bc68c29acb840cfe7b59d4750d0947dedf102d1b48233c1cd29588c992370b5
inner/vmd_o2_i2_reupload_2_predictions.npz,2531,e711af6906da3340097207bbcda91b303febb085e8747df9fb31141efd45eaab
inner/vmd_o2_i2_reupload_2_started.json,191,d29a64c2300a267578f8bedcacd20927ed9056f393a0650d46316bdb928d0cbb
inner/vmd_o2_i2_reupload_2_weights.npz,3622,c8985540d3364b8cbe192a2f296c69c2cd454cfc7ad6b9b0d001d501cefa29ad
inner/vmd_o2_i2_reupload_3.joblib,9676,cf5421a687eee2a6fe7ae05949ffebcbb8983be21a333ca06aa789633d1db86f
inner/vmd_o2_i2_reupload_3.json,731,ff9c350e6921ab4f6ac81c77a85d6e98cf8bce1115f255d24e16c42d4f506a56
inner/vmd_o2_i2_reupload_3_checkpoints.npz,6946,408764da4decebc45303979cb44f814f0db543f7b234dc8ad45ec5549b911851
inner/vmd_o2_i2_reupload_3_history.csv,7170,a17ed2ee79f4bacd34b7cd159cc18976eb42cd2dd093be56fe6b363a37167547
inner/vmd_o2_i2_reupload_3_predictions.npz,2590,730d1a1d70590de7b434abc81ec0511aa1923932ec85b45d97ea27705e5287b3
inner/vmd_o2_i2_reupload_3_started.json,191,1e7dd595131f9cfa09a2602678eee64ae99278959592f85939091f854f10b62b
inner/vmd_o2_i2_reupload_3_weights.npz,3775,7405334aa9b6f4eb4bd62daad66f18409e80868f1acb9ce797ef63b55f1660cb
inner/vmd_o3_i0_compact_once.joblib,9002,e5de88f92ff9025231d4c86a8cd1cbe1bf6311c58466d5248662d562c574def6
inner/vmd_o3_i0_compact_once.json,733,c9c9839ddb6f6b1618a190fb300fdbb9221e9f99dbc68dce4ea05f8e20408a7e
inner/vmd_o3_i0_compact_once_checkpoints.npz,6325,68f178108743875c80710c28c000b6ce94bff73105071c36ea838f614469376c
inner/vmd_o3_i0_compact_once_history.csv,7167,b00982b8afea7b6b3e3d7c8a1e090ff4a26155605f9daae073919d2bf9d76164
inner/vmd_o3_i0_compact_once_predictions.npz,2527,67b14640627c6c874067b11cd3f598c48f7de66c9ad4787e2ffca13ccf4bb9cc
inner/vmd_o3_i0_compact_once_started.json,193,0b8a413c9d98c67f0cddf98ec6c286de552fe42024fda52089386decdbbc2fa1
inner/vmd_o3_i0_compact_once_weights.npz,3619,4d592989167651d02697a5fa62976ccfb600279132715cae6d34bce574c16596
inner/vmd_o3_i0_reupload_2.joblib,9068,0eaa10035687a44f96c5ee832e8c19385d7e602508962d4cc6b12fae5e1bdb1d
inner/vmd_o3_i0_reupload_2.json,745,4e94196255de15eb04f80812e65f654af73f802facb4932fb88cfcf99a870c87
inner/vmd_o3_i0_reupload_2_checkpoints.npz,6333,06c8c99a6a5a5ea8d4bb6ed570cc20d61a9d7d4038447a7ce89bd1d279b3f9bd
inner/vmd_o3_i0_reupload_2_history.csv,7188,1c9d5e05d9f121d5096874833e90af5de67ec80337d76201a0238cbc3f003a16
inner/vmd_o3_i0_reupload_2_predictions.npz,2644,1f4d44d5242077745dc10648def43399000580cc829f526a2e989194523b84a3
inner/vmd_o3_i0_reupload_2_started.json,191,c006172889e5288e253a69a54fd335ce9fe29f226978e5f5ee0b179e268d8b27
inner/vmd_o3_i0_reupload_2_weights.npz,3624,c57e1a4a9cbc4f2d5e30add9e1473389d94dbe9edde42527fce9621020135b88
inner/vmd_o3_i0_reupload_3.joblib,9732,e1157efe41992397fa4cca8a7aabf6f37135df0847afb62a7b37c8f58fc59eba
inner/vmd_o3_i0_reupload_3.json,732,e348f1439fa10e11488e99edddc80877f24d97d402db47258e6af288284b94a1
inner/vmd_o3_i0_reupload_3_checkpoints.npz,6942,663a925523923cd3a3b8a2d5ba257d709cd0f7a20a88bda66fb58804f2a342db
inner/vmd_o3_i0_reupload_3_history.csv,7138,a21dde7e3564f15b952d042798ea67d7debbeb9aa7b500fb9f59bd6d081fcd24
inner/vmd_o3_i0_reupload_3_predictions.npz,2653,18e1d8612acc9d288b9f96189dd906d5329a669ff1038dd8778d4460264accd2
inner/vmd_o3_i0_reupload_3_started.json,191,ed6c9182e541e7a62d109162bfe700fa4e67432dcf375055f6b3d5db633a3c06
inner/vmd_o3_i0_reupload_3_weights.npz,3778,cab0aeb4849b67b168e8c21d5f860acf6009e62c3d24d6fe630dfb57c775ef86
inner/vmd_o3_i1_compact_once.joblib,8984,d584663eb559ad2205279144fa1050eb8f968bc7c53d5d70e889ff907dd5e94d
inner/vmd_o3_i1_compact_once.json,748,b314bd34ef9d1e5b2de5f5bd160d76c266222f381a828b81f7cb897be6fe90ef
inner/vmd_o3_i1_compact_once_checkpoints.npz,6335,e2f3b21e24c3a38a7c6bc532d0e9f76f203d9c8e552320c89ca3ea69ebb01210
inner/vmd_o3_i1_compact_once_history.csv,7170,d6cf57900904a2b7464a7a264a878458715e2db30c87b6344e85bbdebad02602
inner/vmd_o3_i1_compact_once_predictions.npz,2497,4f4c0ca0cb83db3f1488eff5f03dc2ee672211a8dd95bbe271d1517c733ec99f
inner/vmd_o3_i1_compact_once_started.json,193,ae8aeacbdc1f9dabb4e4a7c1b69ff1d762a58dbdd346d050a3216afe01245074
inner/vmd_o3_i1_compact_once_weights.npz,3619,e37f136abbbbd3e61d056a0c6bf23a06770ba33e8b8fe6dc28cbdc705d6746ad
inner/vmd_o3_i1_reupload_2.joblib,8993,938b3cb8ddb71c2e70bfbd906d0fbb7875479d6c427097c20199d8a488ed4887
inner/vmd_o3_i1_reupload_2.json,745,b36500e8cedc8624b70a95a43ad80097bdc6ed497a0d68c134992b3109a3639d
inner/vmd_o3_i1_reupload_2_checkpoints.npz,6340,2e93cc3b576a678af9d76237e98cd1e44e31872772464c645bd3b9b2ef8cfc55
inner/vmd_o3_i1_reupload_2_history.csv,7167,fda34e1210fde1bebcb49ce093bc193479058c35ebd44fe2ff6bf2a8da4d9dff
inner/vmd_o3_i1_reupload_2_predictions.npz,2540,875f93fb51dc036986782817812bca914b63e0d1d8868e1d31372a712065aa65
inner/vmd_o3_i1_reupload_2_started.json,191,9194b26da25499a18cdb4c8d5ba84f7a1e921fe2e77fec4fae83569bf205bb77
inner/vmd_o3_i1_reupload_2_weights.npz,3620,bab3ae445cf9147934ded8d5f15d1619faddeca564c7dd4109f363512a917748
inner/vmd_o3_i1_reupload_3.joblib,9548,468dfaf826e0181dcd4707972c6cf6b8a49c3ca4184af5c0937583baeec560e8
inner/vmd_o3_i1_reupload_3.json,746,bb36ffb6097f2dcb569c7b662f56465fb359143aaa9181b53c7d1eb315153299
inner/vmd_o3_i1_reupload_3_checkpoints.npz,6944,86d9f8f8ad16926f715bca1b1c9c623e275341faf3f55d6cc945e1c419807901
inner/vmd_o3_i1_reupload_3_history.csv,7174,3a0f789196646e3cc9562d9596e2e4c52ddc8e86af7a919e3010d994cd42b372
inner/vmd_o3_i1_reupload_3_predictions.npz,2529,3d4857c65fa0c2b18958411b8eb92c747643300df114319f2a998a605df5fb9b
inner/vmd_o3_i1_reupload_3_started.json,191,3dbab5b9e2ad5d2b8186c929930730f0eb72195c1da9570810b20277406923dd
inner/vmd_o3_i1_reupload_3_weights.npz,3770,be81867e0f8111da4445885322ca969d577f4d5e9fd90a05883e0d7677aee15a
inner/vmd_o3_i2_compact_once.joblib,9024,e351c555051a7f4c93b931d899a61a5a48d3c2cd18ec332e21763e8854ed051a
inner/vmd_o3_i2_compact_once.json,747,1403acda681df7ec08f8e0d5c755e92d6edf795c4b769bf067d3765b80fa1cfa
inner/vmd_o3_i2_compact_once_checkpoints.npz,6332,a85dd1f9959c4012566e17d4d957d61f3757b6ae64703e44aa8ebef331804ca9
inner/vmd_o3_i2_compact_once_history.csv,7158,827a8e98f45e9be4cc9de4997d94744ba06c5749e6633ba309093eebdeefed46
inner/vmd_o3_i2_compact_once_predictions.npz,2550,297de5bc62c5875beb4c231e2dd5225e8b28a458ac61bb145181f04bfa9d4f28
inner/vmd_o3_i2_compact_once_started.json,193,9c3809d0821655e509a61803a24bf2d0f67887ce67fe2a4c047b35e5941bfb4f
inner/vmd_o3_i2_compact_once_weights.npz,3625,4b71bcd40c8fb05362973885c20451bdca46b9dfe882521141130e3f629fc378
inner/vmd_o3_i2_reupload_2.joblib,9031,954fcf5bb9fbcb2f8ef83dbedb2b111788defdf25df81b2c19f04d5733d2a7f0
inner/vmd_o3_i2_reupload_2.json,716,6a679edc4c7e9c8faed640bda0549107d9cc250cc59365700e23aa7f498ebaab
inner/vmd_o3_i2_reupload_2_checkpoints.npz,6339,fe7c5b6ec9a2a3662353b7993978748dd154feed7f5f559014b807056e50599c
inner/vmd_o3_i2_reupload_2_history.csv,7108,5458e92dff41f45353bb625ed68c571e0c320fa4d2273a3047603347cd166afa
inner/vmd_o3_i2_reupload_2_predictions.npz,2540,5e5ea939b4c188856939094ac9fafc74a52d6d8b0becfaafc852e968991eac15
inner/vmd_o3_i2_reupload_2_started.json,191,c0b74126c6718bddc2bcdfe37fe3330fd4fa7d052a9dd6fac09e8d09b87d1475
inner/vmd_o3_i2_reupload_2_weights.npz,3626,69b638b0d7fa41fb65aa71c693c5d4569c278b21831da6d5deac4cb470944aa6
inner/vmd_o3_i2_reupload_3.joblib,9719,714106694c6d2d3dbdc9390ef0cf3565c98ddbf50838d30f8270eff46ea80ce2
inner/vmd_o3_i2_reupload_3.json,733,767bc56dfcd04ce766c35c9131c72766e64597b59f5bac09e9483249a30c23b6
inner/vmd_o3_i2_reupload_3_checkpoints.npz,6955,ea2a885e5430d21e705818b9c5bce227defda37cb5afc2206f3ca9f335fc52c1
inner/vmd_o3_i2_reupload_3_history.csv,7150,11d07a66b76b193621f5cba24b60814501a3fc9b42ad036ce2f65f54ec6ef221
inner/vmd_o3_i2_reupload_3_predictions.npz,2681,4bcddcfa9ddcc8922b7180e833c7e7e0bf6c0caafa9745125935c3fd658bd8d0
inner/vmd_o3_i2_reupload_3_started.json,191,9bb64d3ed0befbad9e35cdf731808787b8badfe8d359745c800dc53cc9efcd7c
inner/vmd_o3_i2_reupload_3_weights.npz,3780,fd7841ffd55cde9cff3c737e1e55db6541f68db34b7047b25eac3fb5a5267385
inner/vmd_o4_i0_compact_once.joblib,8884,b9dd7b0a3ffd8c1d1e1fafc9403c0e4857e2ed5ed00e963f5d42b5e981b0709d
inner/vmd_o4_i0_compact_once.json,746,c2138b6162edc305d97915485de5692fb7fa6eb7d832c9c6dc7576dd51a05e82
inner/vmd_o4_i0_compact_once_checkpoints.npz,6331,4e9c4b291c2927b0b9a778f80a082f22a298f5f9f130bb66c6aeae3eebf4527e
inner/vmd_o4_i0_compact_once_history.csv,7152,7960753e79be263fba2dc2ae289acd4104ed4607d45f2f594183d772507a094d
inner/vmd_o4_i0_compact_once_predictions.npz,2485,c3003c54e947515ba7f580c95146fc43c8c9e22686b46cecaaaa7054ac9f349b
inner/vmd_o4_i0_compact_once_started.json,193,2c3dfbac2d9867b625962794a8ec6d9fa362dc6ede68fc7cb4735be01903de25
inner/vmd_o4_i0_compact_once_weights.npz,3616,8189ffc02d46537b8f3587e0e5fd47ebaef21b9657e0eaef5ec56eb245f4468a
inner/vmd_o4_i0_reupload_2.joblib,8962,7c4b045f67c28e5a64f71f8534feb607fd8e54b270c4e49e280f10d80a54b518
inner/vmd_o4_i0_reupload_2.json,745,a323a32784c2112398a56a5f5ebf269f4f38540985bafcb8ea21fbe88d900689
inner/vmd_o4_i0_reupload_2_checkpoints.npz,6331,f56894496d85d482efb23d29ca85763867d2b98bb181800626480254d7580e15
inner/vmd_o4_i0_reupload_2_history.csv,7161,9598ff3b5d42d158d77c24b647fd5bb4ba2bb83384b6d404afe0ca6d5f7efa54
inner/vmd_o4_i0_reupload_2_predictions.npz,2451,be5409868fece7b05ddac2284137923f59abf1ee0bcf714072cf8ad206850e85
inner/vmd_o4_i0_reupload_2_started.json,191,a2691ff1d760a8981b7c7acee157d6b4a3743ad26505b23e501124ac1567d522
inner/vmd_o4_i0_reupload_2_weights.npz,3618,b3eff74b34edacb0e4531dab1e169b3b83415f6f44a793c6896bb1cc0636af7d
inner/vmd_o4_i0_reupload_3.joblib,9639,cdafe91362c115f0f2faa3a52a74d554debf3a9a0db87f63d15dc1b9d93d280b
inner/vmd_o4_i0_reupload_3.json,745,5a5143153da5c470a6a6062d3ab1018125f512d67d478acaac9b746f18db7a9c
inner/vmd_o4_i0_reupload_3_checkpoints.npz,6950,72828a96a3666e2c7c1f04665db2906df9fad6d6ce98160fd7f9a95c60eb99cf
inner/vmd_o4_i0_reupload_3_history.csv,7155,6b81f575973f8aa99919d2eda8d5dac54fdf51d9acc1930ca151b92b250e1800
inner/vmd_o4_i0_reupload_3_predictions.npz,2605,5d96c8f83587dcdfde0c84eb29974f7f1e4488f85b29678179d149d851438627
inner/vmd_o4_i0_reupload_3_started.json,191,6b8748777585ca475b7a953c8d47140d7e63e1839751869138c5defc8759c991
inner/vmd_o4_i0_reupload_3_weights.npz,3771,7743fbe956cbde7197959efbb77c66de8c7313bffd5412fa094eec058264055c
inner/vmd_o4_i1_compact_once.joblib,9071,d56ac66fefe6943d32b484b363ef6a27e5d8550188968f6d31460410fb4552eb
inner/vmd_o4_i1_compact_once.json,747,6e77d36db8660740ba1794586f522447c0c442fe290082a562fc41de517eb375
inner/vmd_o4_i1_compact_once_checkpoints.npz,6338,1f39a1d8610daaca5f27841442d94c26e03fccd28ff7fc4e7769a223f0c26bc8
inner/vmd_o4_i1_compact_once_history.csv,7142,a7108e1b86312cafc4ff7e6c10ee0f883a680b4a4b5f1af22b3cd879f635ef8d
inner/vmd_o4_i1_compact_once_predictions.npz,2604,7ff670295c56d8a24394e82b8fafe4386917771f6b6a51aa8ab5b1b972eed1a9
inner/vmd_o4_i1_compact_once_started.json,193,18f4de3f8dee2627b9c3338757639f091447eee5a786c26dea4dd9f9588148bb
inner/vmd_o4_i1_compact_once_weights.npz,3623,6ffc030ad12d4346c692a78c7d03376d0bfb01cf0db7cd5100bf93847d31aec6
inner/vmd_o4_i1_reupload_2.joblib,9043,81a660ae832bfd8747c2192a22098ea26d2e6d8d6bd6b83163b6a366ecc8b257
inner/vmd_o4_i1_reupload_2.json,730,4a33b8336b425a8289120df8b224319df5ce4efb2fbe46085e623608b9e179d0
inner/vmd_o4_i1_reupload_2_checkpoints.npz,6333,038adcc5a235934d631755192c386a00e9e96251dfd65d900dd2ad11917f9da5
inner/vmd_o4_i1_reupload_2_history.csv,7151,74590abe69ec3edda8ca49aea39b15033da611ba34e29d0f15541d273e4561d9
inner/vmd_o4_i1_reupload_2_predictions.npz,2630,d0cf96faa895b5cad9b7addfeabece667029350e7f54a3a1df6215eb2d331cc0
inner/vmd_o4_i1_reupload_2_started.json,191,925ef6e657075409f897eeea189aaf07fe40b6671ad0d33407297d7f0e9c2ea8
inner/vmd_o4_i1_reupload_2_weights.npz,3624,301f1ca173b0e4f9a4a0690d81b6643353bebb5091f7ffa4c1f2d549143bc89e
inner/vmd_o4_i1_reupload_3.joblib,9719,eda1a75cc5be4b0f2934a3d699907b3372480d7d99ae4c1bac6467d6c76e49db
inner/vmd_o4_i1_reupload_3.json,745,dc00b8e03ffd68dfe8258cc536fbc869705095d584c6803598574efcd4fc2c58
inner/vmd_o4_i1_reupload_3_checkpoints.npz,6949,30237828dfc0d0b9ce48c8ee37148fe7d4ce8bcab91a5d8b511167f4a6863f51
inner/vmd_o4_i1_reupload_3_history.csv,7155,3264fdab0ac81cee3bb2a02ffb09389a7fb25e99af86dacc327b4ecf7a790393
inner/vmd_o4_i1_reupload_3_predictions.npz,2687,9fc12d46c07c0ae91672dd8264ceab84b3ffe4dfb444f89cf5da91e5966b0dcc
inner/vmd_o4_i1_reupload_3_started.json,191,1d95ae8472df0e17e98ae0b282605eeb0c8d66aa95af15161eb35ea829dae64e
inner/vmd_o4_i1_reupload_3_weights.npz,3774,1dc1742f2311d55b2b54dc60c66aa13745d5574a04101b9e569360086584f0f1
inner/vmd_o4_i2_compact_once.joblib,9007,a3da87072aed3aaec889f8ec60282769d56ab3aa03239f02483e4b59eece2ef1
inner/vmd_o4_i2_compact_once.json,748,ec51a26f5cf09586bbe09e8d6829ef0218257f480e5bde030d92195feaa2651a
inner/vmd_o4_i2_compact_once_checkpoints.npz,6330,c7dac112601a2a99afb2d5aa5439306d577223692cfb7085d4ec7bb7465401e7
inner/vmd_o4_i2_compact_once_history.csv,7155,14d0ba9fb7934f75db9d7e14af07fa744f98ddfc684497fc4be8d5b43bb1698d
inner/vmd_o4_i2_compact_once_predictions.npz,2570,d7d6008175199b83468a67fef0983cccbb6ab64dfde5a88a975d77f7f55d7285
inner/vmd_o4_i2_compact_once_started.json,193,149f72d85ba69d4f1a4ff700766040d9a6c2becae6373fa79e39f6b253b63c39
inner/vmd_o4_i2_compact_once_weights.npz,3621,707c8c685e5ef1fd35ceffafe918e23cca4212416d5b5226e139317aa4ee0252
inner/vmd_o4_i2_reupload_2.joblib,9062,9dad13511ede4c0aa2b3fac710dece17717de45a30734b6629477d6dccc5de6d
inner/vmd_o4_i2_reupload_2.json,745,625e7dee461d5856d67b783e2a0b3cbd94095e74b1b0ea97dcfe9adf5a657a43
inner/vmd_o4_i2_reupload_2_checkpoints.npz,6334,776a5ab739fdd68a4e3073eb6779b96f7692fb700ee17264db50b044b02a5344
inner/vmd_o4_i2_reupload_2_history.csv,7173,5d1517fe63110ccbecfc781a811b086660796936e00feffac38e0f8d223a3c26
inner/vmd_o4_i2_reupload_2_predictions.npz,2600,135e9c092ebc6a1700aee45c6abd71158b6551dbf273161dfe60ba5f21674ffd
inner/vmd_o4_i2_reupload_2_started.json,191,4f3aecdce54e25713f9ec3bc234bbcb120aa5634988c2153bda1de2c4980a8a9
inner/vmd_o4_i2_reupload_2_weights.npz,3622,99265b4eb69c1a915d4a7b76546691074a8dac0fe134b537623b8818e398bb3d
inner/vmd_o4_i2_reupload_3.joblib,9703,6c46609b387fd7e292ba30498a5319caa8d4e8f5615ef1a07a4b42b5dfd5d0c8
inner/vmd_o4_i2_reupload_3.json,749,56040f0834f24c4d445fc4f4a6715cfc59653e0769b5ed476881ed8ffc3c6414
inner/vmd_o4_i2_reupload_3_checkpoints.npz,6944,8f25f468e6690ef86e6bbf92c6c095c6e318bb1e10766bc5ef938fb6491c12c3
inner/vmd_o4_i2_reupload_3_history.csv,7170,c8d2b352842d39db53363cc33aeef3240299369d0bc035b202fea0054c234832
inner/vmd_o4_i2_reupload_3_predictions.npz,2666,5ce2fd95c85d03daca035913f9afde89756e2648517df589fb0e01120d2e5441
inner/vmd_o4_i2_reupload_3_started.json,191,a6e030c3ee436811f619af4ed73ee69d493d10e578571b57886d7f7cdecfece0
inner/vmd_o4_i2_reupload_3_weights.npz,3774,1ae757db3fa86845797fb88c4ec52ca493f5a50bd62f4fafbb79e90f39375a03
inner/wst_o0_i0_compact_once.joblib,8985,e156d7dd684dcc83c92d59a4beabb385018872a0fcdd6b8bc9e4925d64aed871
inner/wst_o0_i0_compact_once.json,746,73f53cdbfbb73ef82e60b11b961fad8e7bf95755f0c3ef113761fe75db3d0826
inner/wst_o0_i0_compact_once_checkpoints.npz,6330,0edc5c4d428573d99a4df1ce3d28c1f84245075994e980f235b3e2cf3bdb5be4
inner/wst_o0_i0_compact_once_history.csv,7166,70fa27f0a0a3ce214e66633d992d8f9901469417e482be670cb187fe30349d8c
inner/wst_o0_i0_compact_once_predictions.npz,2564,5cfee06dbb6b8689f2a099dccb3f776a48adced243f43915035ab39ff2b7c012
inner/wst_o0_i0_compact_once_started.json,193,d69d98cd3542c2d83e32c6e1d7c7dc1fa77b85042b38c2eb9c9aae1b9a23f473
inner/wst_o0_i0_compact_once_weights.npz,3626,245c2116852933deecd849a67092c3b1652e4d70f9663d3a10d884c3c3f7faf9
inner/wst_o0_i0_reupload_2.joblib,8890,656d278136e63644437a8cdffa79d8a2d746f9f50df9199e05c41ba4257f5aca
inner/wst_o0_i0_reupload_2.json,746,cd3534750b0430f54e3df1bedf61f65c8074140b2c423a18d868cda54264579f
inner/wst_o0_i0_reupload_2_checkpoints.npz,6338,2a2b3b875131e966cde366c5d709a3c8413f3b77844534ab62c0f1c32c6345b5
inner/wst_o0_i0_reupload_2_history.csv,7177,2452700fac46c43a52de50b626f11c729b119a980a41693c2c385e9859256cb4
inner/wst_o0_i0_reupload_2_predictions.npz,2536,96a9b90acd9f84c254ee19c0db28c10df087738e575e440c368922ced9044d3f
inner/wst_o0_i0_reupload_2_started.json,191,5a22d5886c21ef0ee74bb92c463dfd20e855f89c0ea5e221bae96ca907697982
inner/wst_o0_i0_reupload_2_weights.npz,3627,27e405792f3b917c48a87eba8fb429f93da9098173464acba35599f9378f34c3
inner/wst_o0_i0_reupload_3.joblib,9648,40ca1f5833858a63dbf737d0930f3844ef0c56b24cb66a4d28702f7ed5ebae08
inner/wst_o0_i0_reupload_3.json,730,2ae620fb9f8b5fcc3cd290183b51866fe5f118049a84371310a583cb7938af46
inner/wst_o0_i0_reupload_3_checkpoints.npz,6944,f68fc369985a30baa5c3f3f1c31c9bae6f068c1c496aba993440927a84ddb2bf
inner/wst_o0_i0_reupload_3_history.csv,7152,6202d75298102f0eb0d753afd5983ddd5a6787e62375b4503370b725994d4ebb
inner/wst_o0_i0_reupload_3_predictions.npz,2580,6f05fd8047f85a09ff7f8ce074d877aafa08a5da19f7e8089f3cd44c22d58d11
inner/wst_o0_i0_reupload_3_started.json,191,da921583be6886b1435517b79870b6a3e151f8ad3fdf942f78740fadb9023487
inner/wst_o0_i0_reupload_3_weights.npz,3778,873598c9aac9d069683963e0269b2abaf4d4bcb19c6c4048e881c8f29efede31
inner/wst_o0_i1_compact_once.joblib,9064,84e1bff94fcf6393507b21151ae86fbef8085dba467928f5c6cc06f17b9eb07c
inner/wst_o0_i1_compact_once.json,748,71990844e136de7470a34a2549a799d8a937b7358eacd43ea715144dfbe2e08c
inner/wst_o0_i1_compact_once_checkpoints.npz,6336,92db39a3bec9c8df849b07d458c60b405d664488c72dac5003941416ed5db1fb
inner/wst_o0_i1_compact_once_history.csv,7182,48f2e3fba356569c7f0319619db4b0d20b975ad8fa26e0b40d98e83cd0e174b1
inner/wst_o0_i1_compact_once_predictions.npz,2555,f581387e913e662adb731afc7e9b4ba98f81adcefd966768ef3bb63aafa25201
inner/wst_o0_i1_compact_once_started.json,193,aa915d674477f8eb0fea37f4b5e0863fccedb9d774727f95059ca599bdb937ec
inner/wst_o0_i1_compact_once_weights.npz,3626,1df58833d740b9bd62125718df3095f63cedbe0f8814a3a3afe76027e30e49fa
inner/wst_o0_i1_reupload_2.joblib,9057,7f18560ba8ce70d9e3f747d7209f14e9cdb17d0a696f641282c30a1a705b95fc
inner/wst_o0_i1_reupload_2.json,745,95a5d19207676fa8b151f6d08b18fdb0b8065698fdcb4f17b4055a07613904e3
inner/wst_o0_i1_reupload_2_checkpoints.npz,6335,c013dbc5877966c17e94be9120e0b089e980dd8b55af30505e64498c9a387fac
inner/wst_o0_i1_reupload_2_history.csv,7193,8caad4ce262bf2170d4adc30b4366a1e2a81b7f27cf03344da2dd839ec31c07c
inner/wst_o0_i1_reupload_2_predictions.npz,2600,2a7128823d6ea3e69f4c7e793f846e3020f6dea28d230ce6dc6f4c17e649cc69
inner/wst_o0_i1_reupload_2_started.json,191,95e11ef6bdcca36ca9c601a8ef7b362a0ccfdbe8d1b186783fd461e89b749e00
inner/wst_o0_i1_reupload_2_weights.npz,3628,af0956d93eed3ddd6d5a71cb90a5c9876eebe793c3b6fe05354f933ce7e52248
inner/wst_o0_i1_reupload_3.joblib,9729,860488d2332957cf0ebb6c879c374d4037e977a2fbf83382928cc243ad76d9ad
inner/wst_o0_i1_reupload_3.json,743,5b0fe93ccad94c57490b33450a3b5bc0e4650a1dec30e9a548c86a07fe6d04dd
inner/wst_o0_i1_reupload_3_checkpoints.npz,6948,17030f92be6cdc696b63d91b2d9c811f07c7ea22be14a692942abd0bbea46b5c
inner/wst_o0_i1_reupload_3_history.csv,7151,bdc11612c8755496182a99dbdc75febbc1352c2464c6b7e0b50e4f3a00419976
inner/wst_o0_i1_reupload_3_predictions.npz,2640,224172de12dfe0223296b88eddd9455377265ce84c8ac9d11194123540aa1f3c
inner/wst_o0_i1_reupload_3_started.json,191,a5cd35e35cdd2de2b034146d25d352be50fd5fd6e2af85df1db682b6db5734bb
inner/wst_o0_i1_reupload_3_weights.npz,3781,8ba1ae32eacaecc60238a31c5c7fbe98f82c6ac840afaf41d16275680c85aa84
inner/wst_o0_i2_compact_once.joblib,9102,bc1eef83797682ea1dc7e5a66f10a70f6be270d69c912ffd92d4e116336049ec
inner/wst_o0_i2_compact_once.json,747,71e5dfaa3964f6065e1f8593364de95616e8ef2ce56cdeed2aabf1e08975a43b
inner/wst_o0_i2_compact_once_checkpoints.npz,6333,ea3d4aaa9ddf0f794781573c487338fdf492e6bea7bc036ac95115153b2b8da1
inner/wst_o0_i2_compact_once_history.csv,7136,15126f59c472f551b7dcc2943f762a7c3921b1daf204e9bb7fd1241512fc09e3
inner/wst_o0_i2_compact_once_predictions.npz,2567,712c00cd2ada7673a1bebbc200ad2ab9927fb226278042b633844864da9268d3
inner/wst_o0_i2_compact_once_started.json,193,57a2d8a01f589b34b3a112184b5dcf8af89cff96c02e426ed63492deeb6fadf8
inner/wst_o0_i2_compact_once_weights.npz,3623,fc743f04b5f556447c5e978c92686be50703242ee1a663fb4dcad8b31a128703
inner/wst_o0_i2_reupload_2.joblib,9170,0589c07c20d7572e9cdabb0db089ea3189597a1bf89fc484a22d840cbabe2026
inner/wst_o0_i2_reupload_2.json,745,928b9f84e5e35960af57b41d9611f0fabc0504cb7cf2049ceb6edfd5b6bf8716
inner/wst_o0_i2_reupload_2_checkpoints.npz,6337,3680f84cdb7c64811ff1bbd4cf04a3da4e622ad31208084429c7cd9098aff440
inner/wst_o0_i2_reupload_2_history.csv,7166,48ccddc70fe8e6ff0e95799d867609a2e849220bbb5bfb7d8c96f6716e366b2c
inner/wst_o0_i2_reupload_2_predictions.npz,2604,08b4ca28ec7bf3022543bd818ae07de4f69ebad8dfe885ea0118b5771a0cb7ce
inner/wst_o0_i2_reupload_2_started.json,191,0d873c53d79c9d508b073fc99d0ab7a78a01616b8e5e3f32ff505df6b43bb1dd
inner/wst_o0_i2_reupload_2_weights.npz,3623,818f25c771dcb2453143a8fb9319e098f68ea2a7c0038e736554c57d939e93bc
inner/wst_o0_i2_reupload_3.joblib,9664,4be759e96f2d02286b3e3a8e3f80a79b52da39d05c38ad066a9154d6a364eec7
inner/wst_o0_i2_reupload_3.json,746,6438b75987445b12f5c1dfdabfd4104c567bfbaffd9e30d794ef444c8010f83d
inner/wst_o0_i2_reupload_3_checkpoints.npz,6954,c251253f8256acef7df69babf2859387ab01cf44a9332889d6733ea23a723673
inner/wst_o0_i2_reupload_3_history.csv,7129,20c5d6a80e1eb68042fa07fabc364b98bc6db80ee66edfff4016e07bd082a251
inner/wst_o0_i2_reupload_3_predictions.npz,2613,c088487bd8c1720eab3829f03b07d1711b2f443177a178faf133f9700030c275
inner/wst_o0_i2_reupload_3_started.json,191,a58b897fd0d28208e4cbe9f5f57ec399112e0db81db7a8cbf956bcde8d9d9e85
inner/wst_o0_i2_reupload_3_weights.npz,3779,d38513dc41bd3e0b98739ce9f7d50d7e3d68239b1a570d548d782d556f758ef6
inner/wst_o1_i0_compact_once.joblib,9083,bec430f6e31ff9432ac40b2a4baad6898659b47db6c08e85fe5449ce7b60e664
inner/wst_o1_i0_compact_once.json,747,e9e9da8fe71c0196101f024b8330a38f9cfbb1c3ce7419c568b9cb18d76c4102
inner/wst_o1_i0_compact_once_checkpoints.npz,6337,9b920b8754ef9419333b0116b236064a026428e25841c204bfb77f52f73b1ac4
inner/wst_o1_i0_compact_once_history.csv,7160,e1df6dc960e3204c3b5715530f30aeb6a38f6ed46653b384169f1af5515037c1
inner/wst_o1_i0_compact_once_predictions.npz,2599,77c23e5cb675b463627080ae1ef4be469d2fb5420b11f5b8135f73d50cfd045f
inner/wst_o1_i0_compact_once_started.json,193,dbc4ca22c15a91423607e50ee17fbf6a6553b742a86a81637785ed10e085a55d
inner/wst_o1_i0_compact_once_weights.npz,3620,0da76d7050ce98e6fe8548ec83dbc330f6edc53ea05a6b0f6e3381092bae2ffc
inner/wst_o1_i0_reupload_2.joblib,9060,ef40735bf7cc76a289fc885c683e776196e45badaecf43c60dbea705e53433f2
inner/wst_o1_i0_reupload_2.json,746,931f1c0127624ab0cbc29f9fe13414b4d421f31ed81960b50e96014e8f89ab76
inner/wst_o1_i0_reupload_2_checkpoints.npz,6332,3464d04dda8fe605eba2baf8919cd4619cbdaa14b16dd8c86b313ad324bb34d9
inner/wst_o1_i0_reupload_2_history.csv,7208,40ae316c367b29f7a95a52f37b12e46b66ceae0476ba13a5e0106b2c7d6a4c98
inner/wst_o1_i0_reupload_2_predictions.npz,2598,71ff899aa4ff571fc20d35551a73720d82efa89f69c681c6b228401f0aa79b8d
inner/wst_o1_i0_reupload_2_started.json,191,6638151893ad9a21e2274a9a36199457fe754c7ec63d968ecc274c6aa5e4ccef
inner/wst_o1_i0_reupload_2_weights.npz,3621,08c8dc145ba6458f0505ae8ea5dac185f3b9203bcc164c3c11a084a0cfa952f5
inner/wst_o1_i0_reupload_3.joblib,9687,74a18e301f2b30964b0a3990dc5eed04e7cf3637679bc2c6c4904f05485f4a5f
inner/wst_o1_i0_reupload_3.json,744,7d316dd15a023c75be97c9ae91560765b9db96763a6844f24bdd2d5e4e2805d7
inner/wst_o1_i0_reupload_3_checkpoints.npz,6944,8cac31a200e78b6a062f5a70663bd86b50d6719126763a094d6a1ab42db5169a
inner/wst_o1_i0_reupload_3_history.csv,7166,3b88f11c87d196ad248132644b58f450d607674a0d11296838bad4eaab49559c
inner/wst_o1_i0_reupload_3_predictions.npz,2595,49e3e6f6a8cf719450ef49cc7f4d201d5a22103e4844728150ab64330b2e9d86
inner/wst_o1_i0_reupload_3_started.json,191,fc049d0e1ebc58fc0cc98ad5455369790aefefaee9123ee39d44a52a4804130c
inner/wst_o1_i0_reupload_3_weights.npz,3771,3a36231cae9c4c52a5feadcaeb2fe240e52887632e37fd49e17849d4bfbd6cb9
inner/wst_o1_i1_compact_once.joblib,9104,0505e89cbb92d1338607b4ad7af7395d72ee5b53614c2e07041863b3686574f3
inner/wst_o1_i1_compact_once.json,746,f57076c6556b6fc0ec5cdd23b5ff716301e5a2ec5b677b6744d896fdbedcdbce
inner/wst_o1_i1_compact_once_checkpoints.npz,6342,f9a57667feb8bb3ec83c42a2f9bb0f2e3c96ade59949fa50f00c30277e212b29
inner/wst_o1_i1_compact_once_history.csv,7160,e2911e34327c1084f229fc986df9def6cd12ca8125e4ce2355a57d2c5dbaecce
inner/wst_o1_i1_compact_once_predictions.npz,2654,a652811bcf8104f0d8f75a99f1719b16e6a041988246fb9f6b8b53674f138c58
inner/wst_o1_i1_compact_once_started.json,193,8455f584f7bade24305c6207dbcefde6d0f945bcbc44747a53776b3c300e4a4a
inner/wst_o1_i1_compact_once_weights.npz,3626,df247dce97a4e8fcb9d6146c972e0bef563621d85f33c6571dcba4cad4302bd6
inner/wst_o1_i1_reupload_2.joblib,9092,74bb66747fca3b1cf0bc76718710f82f48bfe86474ff13e86fd78af4b48465ff
inner/wst_o1_i1_reupload_2.json,717,eeb0e566e725b743783063929e65e144a8e2d7e0d42afbc04f2a1e0564bdf328
inner/wst_o1_i1_reupload_2_checkpoints.npz,6332,5d29ee03c2e858f81d623507c5e06a2837ecf2e9708943b195837fa570542463
inner/wst_o1_i1_reupload_2_history.csv,7162,86d286a182bbe4b0db32a52e44b0f19268df9d974c5c9515a5fe2dcb1d935b1e
inner/wst_o1_i1_reupload_2_predictions.npz,2657,acb9b523d561bbcc4b48094b47fef516a8e801b80a23948732c8ff2551a75675
inner/wst_o1_i1_reupload_2_started.json,191,f526e421399b33c84b6c2f1e479816f2d3770c011811b84fe2d9145838c3dfff
inner/wst_o1_i1_reupload_2_weights.npz,3623,13225cbcdaaf286b28d0ce647727c1d970310f80e50a7b87c489754e3a65523d
inner/wst_o1_i1_reupload_3.joblib,9848,837fb0ec53876b053a3db648545dc1ad7778e79cc26e72e1cea75ad618b42bbe
inner/wst_o1_i1_reupload_3.json,731,2c9376da9a96cee71e540479e54e98df31a532331f7178dc9726f51bf2711014
inner/wst_o1_i1_reupload_3_checkpoints.npz,6953,b76caafc25707e81b714f3deb35932dec8ce3a89bb4f49e71368be1ad75c97a6
inner/wst_o1_i1_reupload_3_history.csv,7141,705813f997a2c155e1779bf91852de592d4902117596bda100c50b5c73bf91a0
inner/wst_o1_i1_reupload_3_predictions.npz,2787,2046d1d05bfd7c0a7ec50308df436a072cc3a05c023e61914adf1e7f15efc085
inner/wst_o1_i1_reupload_3_started.json,191,0ee9241de7c49b95db507572a4a5c3a6e2072828260710e114d6028ec39748a1
inner/wst_o1_i1_reupload_3_weights.npz,3781,51716887cbcd319479530fac05ef33ea38618df2a9c6ecb31a56745e69d38b08
inner/wst_o1_i2_compact_once.joblib,9001,0b4c4ac255444aa2460c7e3c6be4be256631d86895e5e2e0d16978d76a35b68c
inner/wst_o1_i2_compact_once.json,735,1458774349c575a27fe58ebf4fda0863859e81568594b6fa589f30873adc610f
inner/wst_o1_i2_compact_once_checkpoints.npz,6333,7d13c33646f7b6ebda889f544111011bcda76e4e06b374c633d282392237576f
inner/wst_o1_i2_compact_once_history.csv,7129,dafb1180022a18b06a43e8137d4e8e7c2070114de22c12c5cecf801f71d37b50
inner/wst_o1_i2_compact_once_predictions.npz,2514,7c2212e111d250f92a3177c394f3240de67bc0e08881087fca4ca65b3120f8f7
inner/wst_o1_i2_compact_once_started.json,193,40a5705b7dccd2e35a68876a0ed0a3b5ef98295a5c17831e8f3ff6dd26e600cb
inner/wst_o1_i2_compact_once_weights.npz,3626,04041890df59daa23d93e96a92ff3cfcb68afe00bf654b37a985f0e7cc93beab
inner/wst_o1_i2_reupload_2.joblib,8913,c43f14502012d7bd1c4e4a1011c2dc7d49cb1f1eed2e1b00d979da0e9bd83c7c
inner/wst_o1_i2_reupload_2.json,732,0be5eb358b6e21bb1e74a424bfed3389c7b962a43c657a57559f2d8f04f94ba4
inner/wst_o1_i2_reupload_2_checkpoints.npz,6330,8ec0a0094d148bc77f15c06ee584dccf7ec43e94df2bfaceff1cea43e37de68e
inner/wst_o1_i2_reupload_2_history.csv,7180,84609187beed9ecfa7941d71036b5a44db5564d0ea77b8710c46cdad81dda006
inner/wst_o1_i2_reupload_2_predictions.npz,2510,857560d606213b2ff3c8c456389d02cec66f95db92e26815a7e1984da6912b85
inner/wst_o1_i2_reupload_2_started.json,191,78cd8dc6e5bd18b185b84246773698f3e449590bce4b6b9a0a128cf4dc89f245
inner/wst_o1_i2_reupload_2_weights.npz,3626,a52b811a39be3efae9fac90580e0eb97a1fa0b09404a782c620ced94316064c2
inner/wst_o1_i2_reupload_3.joblib,9569,902424fb154b27c2f366e1b8c458eaab07e7e29350275003cc56f89343711b7c
inner/wst_o1_i2_reupload_3.json,745,0d87682f2eb5bf5bf8e9ed60d06a664128edcdff9ffbc0b0ea556d41c19f05a4
inner/wst_o1_i2_reupload_3_checkpoints.npz,6958,537231923e1a83fc6dc98198987ed7578700a7584846be7e4320f63d76e0b0f7
inner/wst_o1_i2_reupload_3_history.csv,7157,5f2e67cf0a4f02261b16fd2511738aed41d41d0d6b25d3820a2226e37a459145
inner/wst_o1_i2_reupload_3_predictions.npz,2538,0cc5186b9349ee3c39c7ffd64f8e7af4e2390f5a4b9815d048dd1c467f3009a4
inner/wst_o1_i2_reupload_3_started.json,191,c058d604c051bb592add0ad88cd7f07e1a3fddea814a45ed9fb7101b1a58234f
inner/wst_o1_i2_reupload_3_weights.npz,3783,c965d936dd2b59402efef207d5c2a02687764c22ee02e7bb5424a576d72d53c8
inner/wst_o2_i0_compact_once.joblib,8967,fba19d9fa6be62780fa85e49876ac2255320251b9b2cd8010ff3a447602fb552
inner/wst_o2_i0_compact_once.json,746,41eea002a1ffe5654bf61892d09dcff9c6a2f8d605d83fc97069264454e45988
inner/wst_o2_i0_compact_once_checkpoints.npz,6331,e06eb4ab284f84d8d9ec250d4c2f37ad1aab3cafa5fb907b75fc85fad126ff81
inner/wst_o2_i0_compact_once_history.csv,7119,58c6f3c6a0137cb2eba7ce45b7b921230bde933fc7b91b1c0449c0f28af65c5b
inner/wst_o2_i0_compact_once_predictions.npz,2507,0329902ba90e164c93151321cabf6c4c4fd2f12cb7cde31da8d7cf9f50aba93d
inner/wst_o2_i0_compact_once_started.json,193,5b14f99674a7d59658f717c59a638c745f1cbacfd0a6232802fcd5d3438f2757
inner/wst_o2_i0_compact_once_weights.npz,3619,f38c63b7da75a33cb67ba28690b800af45ad11b014870964c5d02c4c6b1e569e
inner/wst_o2_i0_reupload_2.joblib,8828,b198c2a0cfe0180b05aaacfa1e1887a66eb0ab3a98fcd40e1f57c764ac2fa001
inner/wst_o2_i0_reupload_2.json,746,95d747b162625d4c75e4f636f5d20def3d191345efb7f1fb6fb864ff656b4197
inner/wst_o2_i0_reupload_2_checkpoints.npz,6339,cbe9234df0692371e05cd3f4534929c99f95973f221ae162acf953cccd64637c
inner/wst_o2_i0_reupload_2_history.csv,7175,a8c9c46518dd31db4ed35f808ee9bafb7c1d5a442d5d0e80149672dc91fad980
inner/wst_o2_i0_reupload_2_predictions.npz,2450,4e7608ab80d91ac783d5249eae3eb1e1f176b691a2be4f3a53dc821687d5e628
inner/wst_o2_i0_reupload_2_started.json,191,74ac7f493468942b928e120a9f17783e33b0562327bdd3ca2ffef3faf4bff72e
inner/wst_o2_i0_reupload_2_weights.npz,3619,93e01770918bca80ef3eabae79df41ec2836b244699800b39cadb2d14b97f528
inner/wst_o2_i0_reupload_3.joblib,9618,bdad83073ffca678924d32113bb0aa38afebab6b2953aeff8c12f727ed9d07df
inner/wst_o2_i0_reupload_3.json,729,2b9ccaff3fdcb34d652909dccc6f116d32cc907bbc4e150c71998c4ecff7fb6c
inner/wst_o2_i0_reupload_3_checkpoints.npz,6947,8a271cfa46c3b05ad8153a9230deb540291d930fdff1bf93c4c4b99915f79fa7
inner/wst_o2_i0_reupload_3_history.csv,7131,d25dcb0768b447dab7570809ce0a8d4f13d838928a75956cac1bb60d3064bdc7
inner/wst_o2_i0_reupload_3_predictions.npz,2540,e24bb541262a68fb3449699688c90327d135e9421047edf071ba7c9794efb21a
inner/wst_o2_i0_reupload_3_started.json,191,a77c6d7dade679d9029ee171e5cdf3a36eca8f8b9b312780f9fb3e2b7c614eaf
inner/wst_o2_i0_reupload_3_weights.npz,3771,0326c20e5b9a6f415ffd3f94a714574b779d5d4fa9eab1224b3692c35a5dd292
inner/wst_o2_i1_compact_once.joblib,8944,e04986cea193b4ba8d8d9767f689c2188413b34dd329496a5391c48da331a582
inner/wst_o2_i1_compact_once.json,748,426e3878d76cd0df5a0553e451ddb1ffec93ac47131b4b98a0ccfa97b612f4b3
inner/wst_o2_i1_compact_once_checkpoints.npz,6336,0e9097d4919b217f4baad5184f8e5ea3df2ea9144c8f7bb0986b863d35e7b609
inner/wst_o2_i1_compact_once_history.csv,7150,7fab0d6025cb5ba25a8e4dd6231ac675ca6666422923abe55a113e2322298137
inner/wst_o2_i1_compact_once_predictions.npz,2551,e92a90dd6fd27659c911248eb77a38866330f3b92c551b80b5b9644aef9f80b4
inner/wst_o2_i1_compact_once_started.json,193,6198fa2a34d94b6f68f0be8a794d28463e9d33ce1e67790b963d3b22556d92f9
inner/wst_o2_i1_compact_once_weights.npz,3623,afd296174def6d91ca9fb01906fe7e98f5512bde12b255d31f08186d7e4348c3
inner/wst_o2_i1_reupload_2.joblib,8969,7d68d88289e331d253eb749db1c8a7284b26c60d5e928055977519bee69ed808
inner/wst_o2_i1_reupload_2.json,745,199131ed22ba26f6f52bb4a61012a9837cc84f21f6eec556c446386d5d846ded
inner/wst_o2_i1_reupload_2_checkpoints.npz,6336,486fd40ce085547c8177adedf41685cbe1e8824f1225264716ff12e8acbd470f
inner/wst_o2_i1_reupload_2_history.csv,7187,5d19f25ca0377f6a6da306e69270f0da86673da13ff50968f6e15bc76d22d5b4
inner/wst_o2_i1_reupload_2_predictions.npz,2581,2fcadd93aa9019fac2d001ff00039bc8c1d579ba1adee2d4f7ce63d0dd781bdd
inner/wst_o2_i1_reupload_2_started.json,191,a5f973970682e39299f8ad2660aea82df3bf5b01fc0e88c577e6cfba72b6c02a
inner/wst_o2_i1_reupload_2_weights.npz,3623,16f5d82cfad5c4b12b2ff6019c0f82943f9e4eece3e39f83f92e728c50ba269e
inner/wst_o2_i1_reupload_3.joblib,9650,eab0fc622ff294cdad692910d20d2af5fe30751707ddfb5c3f3935900554dca2
inner/wst_o2_i1_reupload_3.json,744,4331d9f0eb89717ee5e8b9a6002455d57a9d3e079eaf92596084bd5cce244c2e
inner/wst_o2_i1_reupload_3_checkpoints.npz,6946,e0830f33bfa84a98a2b998cbd3c18b26858eff9b2d1430bbd681dd093694d75e
inner/wst_o2_i1_reupload_3_history.csv,7155,b71e7e1413807f1f38baefaabd61b28fb7fbc1a12841fd39aa6ac8133823402c
inner/wst_o2_i1_reupload_3_predictions.npz,2619,80e9c432bd44a7042d8acc9d727437565d9044c156060d7ecdb5f1b504588ba4
inner/wst_o2_i1_reupload_3_started.json,191,ef46b1ce12515deae0cb037761d41af003927319053142b30d9f3dda214006fb
inner/wst_o2_i1_reupload_3_weights.npz,3775,e4f672617c2aa1427022e7b3ed50031a0ac27f7ded9973e08bd01a994f9f5aa4
inner/wst_o2_i2_compact_once.joblib,8944,fff859201b278127adb4e461fd62b74c9355fdbedd3a596cfbce4b80eeca72a3
inner/wst_o2_i2_compact_once.json,746,209099194e1182ed2a9411488618b1f61b56c0fc5393456a665c423f8b386afb
inner/wst_o2_i2_compact_once_checkpoints.npz,6334,ebc8298e9b125ce6d54db9651c7c0929802a5e5b7fcfe019aed8960121025f81
inner/wst_o2_i2_compact_once_history.csv,7179,edcab06c29aa68db4921baea0d5de479ed8d901f6ca8d75864f7651f3b9e02af
inner/wst_o2_i2_compact_once_predictions.npz,2540,657ddae3552df50a4cb8552b1cc378b68777d6f81c9ed0c2dd89bba16f595c06
inner/wst_o2_i2_compact_once_started.json,193,94bf72559ef72115986867caf1366f63aa41ef918d4ecfd8d0991ede3f2f7e1b
inner/wst_o2_i2_compact_once_weights.npz,3622,43109dbb16d316861a99bf55db90b691e3f966416f8e338c6167d1bb3f948d7b
inner/wst_o2_i2_reupload_2.joblib,9043,a05f98c0c6bac3ed4a5c5f71500226d9a34c35e9b7aebaeb5b56df364f9c38da
inner/wst_o2_i2_reupload_2.json,744,b163cd4379284938401fccb133f24561ea6bfd8a4781de5353dfa21d36d3143b
inner/wst_o2_i2_reupload_2_checkpoints.npz,6335,38e2882cd666bbbef3b55865ee47f3a1c78681e6d788871b7ed89b2ca43297ff
inner/wst_o2_i2_reupload_2_history.csv,7199,8918fa6fc469247b122abdf8ae0dc06da907436f7bd3a1aa4430d919fdb858f2
inner/wst_o2_i2_reupload_2_predictions.npz,2526,4ccfb76591745b81324e652870fd10d5fa2d748df81ca07e96d9fbfce5cb9304
inner/wst_o2_i2_reupload_2_started.json,191,f780d20a3886d1de0463b359269fce0aa7b1aaa35730e115beaabd398d3cbde4
inner/wst_o2_i2_reupload_2_weights.npz,3625,7b91832afb850f37ee37287011acfd969b2b7a9ca14d383672b780eaff84da04
inner/wst_o2_i2_reupload_3.joblib,9608,433996eee953678591b08b9c4d3f13d927d68119af7b18f0292f1ece598090ac
inner/wst_o2_i2_reupload_3.json,732,e19034b3cc79bf2a2500e851c5770a1ff3be321c4c755c26ad88b7b51f6106fd
inner/wst_o2_i2_reupload_3_checkpoints.npz,6947,9d55b1d78fc596a96bc38ffd8128d90304b4d95bf6bac594d324fc3a90a5ab3a
inner/wst_o2_i2_reupload_3_history.csv,7155,91f48a14fcadf803df5de5cb606a1b92ffb52274037d6d26f8d749589f9b7a60
inner/wst_o2_i2_reupload_3_predictions.npz,2598,0ee05a6be3a7d3752d87b71ba53cfa67e316469d9af1bb16c616cb3d4468d26f
inner/wst_o2_i2_reupload_3_started.json,191,19d057644e93c79c9151624edc00afe1ca522cc2503e444aa1ab169de35dcdeb
inner/wst_o2_i2_reupload_3_weights.npz,3775,aa3a81b84f1ca2fc937e6da2845f8687b56c888bd71b89017da18647237956a7
inner/wst_o3_i0_compact_once.joblib,8864,083f3f67ebda445802b60819c79c9e55e9a966f9b0528fc2387d528954bf4dbf
inner/wst_o3_i0_compact_once.json,747,7c8357da766d344c261d58706479cca9a60295ddf8d4d94656e422971e5e03dd
inner/wst_o3_i0_compact_once_checkpoints.npz,6333,f1f6f37ba5701ba4ebf3ff18c3083d1b4589b7afd50c51058f7551dc389b77c8
inner/wst_o3_i0_compact_once_history.csv,7183,cc19ba296971f1efc0b758f31a831f82b5fbe0a2e001fe4f53213a620a953f63
inner/wst_o3_i0_compact_once_predictions.npz,2427,318d6025250edf45ab6d75859a590ebb8787a12823062a4bcf308812f8bbb1cb
inner/wst_o3_i0_compact_once_started.json,193,8151338d9ebc455e96afc73f144e3c3588f07d32fcb6424c3d2e6b79fb6af046
inner/wst_o3_i0_compact_once_weights.npz,3626,c61c97abca51a4df629bd570644f10b1b9c3113bd11f0fc4c1d832529a5df5ff
inner/wst_o3_i0_reupload_2.joblib,8901,9e40d877cae869829b0590f786739ab01baf33995d6844294004c79e38365f5a
inner/wst_o3_i0_reupload_2.json,746,d4e9dba17401d7fb43383ebd0a73b89a3ed357691f539564d37715193d07d348
inner/wst_o3_i0_reupload_2_checkpoints.npz,6326,bfcba5ec0a35aed2a4e40d824527000e3667e2ef1a78dee9e3ee916fa79f3dbe
inner/wst_o3_i0_reupload_2_history.csv,7199,a22cf74bf594abff5eca884bc63678f4337ab21180bbbb60dbd1b81d46ebb8bb
inner/wst_o3_i0_reupload_2_predictions.npz,2556,a48bce239322bd38b4f8b6d44d3c6c9d99d5e359eb02da96c4bbb5e49f4b5647
inner/wst_o3_i0_reupload_2_started.json,191,d51e9099f8645af9c07ef6ac8f3adc7c99abaed71c4bc93779aac71ae7e03886
inner/wst_o3_i0_reupload_2_weights.npz,3629,8ff3c702ad0aaba078637dfea4171e916856d5509c9266187ee64b149f7c5ca2
inner/wst_o3_i0_reupload_3.joblib,9693,2f66171ab174ff30c9c99140c79debb8f5e2b0efdd824dae6bbc3df32f2fbf76
inner/wst_o3_i0_reupload_3.json,733,f252f428f3b7952b9d013584070f3771369483f8e57c89e7c0c611dcdab3f47d
inner/wst_o3_i0_reupload_3_checkpoints.npz,6939,0de3ef738df04557b5e725ffb553574b31d33af19014dc496fa7a100a17bc1b5
inner/wst_o3_i0_reupload_3_history.csv,7140,347cfd3f38785a7980e74fd9517077e268fbf85e051a7e73eb2525c3492905bd
inner/wst_o3_i0_reupload_3_predictions.npz,2617,9bfa67dca565d365524cb03ad13cacbe746741454ddc70047e459a286dd81460
inner/wst_o3_i0_reupload_3_started.json,191,b51069737be2ecfff852db30d989dcc8367c0c8457bfaf68736324b08a4fc7c6
inner/wst_o3_i0_reupload_3_weights.npz,3774,5f69b081ff64cba98a1f2cea22a3c261fb4a746f4cbce1554f59dded009458b4
inner/wst_o3_i1_compact_once.joblib,8854,8ea2bfefedc048e78f70ba6cf068d35c65f9109de012163b277de6ab85c66249
inner/wst_o3_i1_compact_once.json,746,d44b3a93cbedd8ca342bd1091e3d87fb0870a5456f297a1556f28418f3a91e34
inner/wst_o3_i1_compact_once_checkpoints.npz,6338,9b2e9a02ad63650adc6725a51b8ae12802d9adda9262abf7db5df31ee1935d65
inner/wst_o3_i1_compact_once_history.csv,7180,5fe3d536c040e826c752f2000d226e3e1f6b23c9702d1ab43f6c33dec1b2d344
inner/wst_o3_i1_compact_once_predictions.npz,2462,6f3ffe75daa6dc4e0404e2f0972b725e98059101f906423322654187b9d89fba
inner/wst_o3_i1_compact_once_started.json,193,b747c0c00a7d19c6ef53e2b6d49fbdcd764ea39f9f3fb212aca7639b730e8f3b
inner/wst_o3_i1_compact_once_weights.npz,3620,4425c4e4daa0a85e3c8a1cf7351b2628bd9b1c1ae33e4dfe545ae3e64fc73e2a
inner/wst_o3_i1_reupload_2.joblib,8976,14b9d66c6d52250209c3b4f3f0e983eca04b3dad7b006baf3c8cc019bcd87084
inner/wst_o3_i1_reupload_2.json,746,0e59a7c9842cb56bfcc80c3dc8464e80b1c1cabbc51ccf11501e1ac3eb012438
inner/wst_o3_i1_reupload_2_checkpoints.npz,6330,e3c7b74bd0368b6743cb997b33c24997462610221bb4ff74a919df6af557f100
inner/wst_o3_i1_reupload_2_history.csv,7204,3edc41f95ab801507a728d10ed1f866fd9fbb4bdda8dabfccf35c4b98fb7ee85
inner/wst_o3_i1_reupload_2_predictions.npz,2497,6d6575b24a7ee6941c2beb8bcf3de07364c36921934e87138fa7a0f6fee7c847
inner/wst_o3_i1_reupload_2_started.json,191,2a4361684e00b8703aa0881a529cb6ce2b50f2df039db38eb0548b6ee3d9f508
inner/wst_o3_i1_reupload_2_weights.npz,3616,6831f31437099135a961ce50d7b0b6cbc94f854ee72893d348fe61d99a722345
inner/wst_o3_i1_reupload_3.joblib,9476,f45266b37408e3e989913700fc19ce32c24fe822b64133df8e4d13bfd53cb256
inner/wst_o3_i1_reupload_3.json,746,82eb97ee1845d4569863195180777712ecd31bd515b22cecedf9a49097a9c955
inner/wst_o3_i1_reupload_3_checkpoints.npz,6945,828b59570d2887c88813af8d8a29f5a019eca2f3ea17aed1970963714aef4089
inner/wst_o3_i1_reupload_3_history.csv,7169,6c9f8341358972a4b96af2f728b247bd687250d704aa40fc29108ecd6e5b044d
inner/wst_o3_i1_reupload_3_predictions.npz,2412,4cefe0040e84f1ebb153c77cefccc20b09ab6f48ebc3681abbe25e582d92bb08
inner/wst_o3_i1_reupload_3_started.json,191,e8389e70ed1ff448a88993e81124e5cfef55fda3fc988f196952a28482f7a9a4
inner/wst_o3_i1_reupload_3_weights.npz,3772,ebf370c06b8d486bddf6ea1131eec0ae4d80b520ce2cf6f4115eda56e0c16da0
inner/wst_o3_i2_compact_once.joblib,8986,e67da23920c4eb44581d8f6a4af17395222003e89c31f67ffb9921a5570bce20
inner/wst_o3_i2_compact_once.json,734,f8f89fe344aeeea1bb3fa05ffbe509bf06dcbcc677958099b353edff3400022e
inner/wst_o3_i2_compact_once_checkpoints.npz,6343,71489711a27c8cec062bdfb49bfa6d1f702e200d3d7c11793070d0efd9f9c6a8
inner/wst_o3_i2_compact_once_history.csv,7141,3292ad8e7db24be424408f890307076d39594a61508978a03d46488e798052f9
inner/wst_o3_i2_compact_once_predictions.npz,2565,aa248f5f5c6b6e48ad6c0b49469042b638687bae2fd11e8dec7f51b1684a16cf
inner/wst_o3_i2_compact_once_started.json,193,53f0f603ed9f5fe1f9507ed78f91c3bbfb6adbe43b9d10d16da8d29507ea6c56
inner/wst_o3_i2_compact_once_weights.npz,3626,d42d1ee4e1b75e5aafee71847224ee6d9ff601f74df70aa83d7602748d4662c2
inner/wst_o3_i2_reupload_2.joblib,9074,7ce7f302a7812d769ec2be3e97035365947005c8c6b65c10a899af301c43ece4
inner/wst_o3_i2_reupload_2.json,745,570cd79d31891f94c52571d9e6c657479b695da078ecfd546587de45daf3ee5c
inner/wst_o3_i2_reupload_2_checkpoints.npz,6333,bcf4244c6b4e5489715ccaccfb1530003d38137da7484d6542bd17bba91a11df
inner/wst_o3_i2_reupload_2_history.csv,7187,34514be7b75973cc7069d4b4ae6c6e49f46fcd04cc46d6ad6a837ed8d8b8896f
inner/wst_o3_i2_reupload_2_predictions.npz,2592,c58f894a24a574c95a72d7916875ee571b8870c14478fd071a8c91aa7db8c970
inner/wst_o3_i2_reupload_2_started.json,191,803cff09e193102cdba45e3eb74b502e95a1b8b4ef0380f1cee1b7426aecccc7
inner/wst_o3_i2_reupload_2_weights.npz,3628,ba8de1a4ede882098f1534f5ba211fc64e4136b3ff3e8850d12168dead9d9bbb
inner/wst_o3_i2_reupload_3.joblib,9692,ffc8af4e54a5dcfe2237e87b61d14cca6613f3974672cf283755a0909d797ade
inner/wst_o3_i2_reupload_3.json,713,a40660b427d186876ae41080c9bf083e15d7000f43d1238f72eadf3cdbe91f6b
inner/wst_o3_i2_reupload_3_checkpoints.npz,6946,4b7d51051d68c1e286421f7a0a2e42508f2f65a3070af494a1ce42a2305c1854
inner/wst_o3_i2_reupload_3_history.csv,7136,b2294e24d112e1c69f64b3ec9ab44360f878a658228b11b442c591554af55274
inner/wst_o3_i2_reupload_3_predictions.npz,2654,8ee19ceddc423d9b1a0db5c70267d930e17a536ef34191251c532a8b9425aba7
inner/wst_o3_i2_reupload_3_started.json,191,d624ad42b982db67453790e55a1787b069ea51af797e2ac04fb2f1007afc7e51
inner/wst_o3_i2_reupload_3_weights.npz,3776,3ff6da9b996f2b93131d656863acf6dba30a54733e53d8246c156a11853c5e06
inner/wst_o4_i0_compact_once.joblib,9071,0f264117c6af0c7104cea5b4de6e43d0a4c02e71484fcc2761e328c917dffcdc
inner/wst_o4_i0_compact_once.json,746,619698052bc0d227e7c102e10fdb16c0bda48316d3ca3aa9d63480365b0f9744
inner/wst_o4_i0_compact_once_checkpoints.npz,6338,799ecec2f8e28f9d7cbdfc1a936d09ac5744a5dd4c7122de08279b4b8aafab89
inner/wst_o4_i0_compact_once_history.csv,7141,d55452cb14d8549368bd808ae10d888ea67c0205230ac0a38046bee488c4282f
inner/wst_o4_i0_compact_once_predictions.npz,2479,1cfec9e11a347d2771f07b18401ac6b8d4d562c242c114ceb3e19f878075eb77
inner/wst_o4_i0_compact_once_started.json,193,a178f21de36a5349c01d539b24cb5b323710e3bff1af40daf8f4c5b0b2fa8c7b
inner/wst_o4_i0_compact_once_weights.npz,3620,85c6d37101357a1bf0f318f7048376ef94bcb9604ed6b308ba0fdd3d5025f4af
inner/wst_o4_i0_reupload_2.joblib,8991,0ac78704483451652d2a8f0f41c4e4338e81a88a24cf27eba3010ae0f0891ef7
inner/wst_o4_i0_reupload_2.json,745,9eff25002f8a69d69dcf67d5611fb6eefed05c5b53ea35c735a0bfdd27d9ebd1
inner/wst_o4_i0_reupload_2_checkpoints.npz,6334,946a896224828bed701c210e62f8755f94a00ca14ea9edd398680ffc3de51aa8
inner/wst_o4_i0_reupload_2_history.csv,7156,5e8d17331a37037f4cd3aadc6a07f5a1217990e0f30cc2841a9a7b406ec5a560
inner/wst_o4_i0_reupload_2_predictions.npz,2536,d0bbd152f4477accaeae4bf79c5e5f4361018953250448722ed3f06dc410fecb
inner/wst_o4_i0_reupload_2_started.json,191,cd172c1609b21cfeb6bdf9cf20c245fba6cc951ad87643e04d1056e1b5faabcc
inner/wst_o4_i0_reupload_2_weights.npz,3616,95eefbbaa2d11e0c27e432cbae71af4a7e549e177ef4f9ce891a36c3a5577ff9
inner/wst_o4_i0_reupload_3.joblib,9680,2a04ca0355467d2a014cb1ef0bdae3aa4f7303330ad832a86844bea32585756d
inner/wst_o4_i0_reupload_3.json,746,6a4bf5a8170e61e1aa0c20f7a2dfdb98e171885a9e72c59d3276410e385b8dda
inner/wst_o4_i0_reupload_3_checkpoints.npz,6950,c3d55c1a1d340339914d6863296e5ca9b797511c32a98c0d48e7f0d792eeb4b0
inner/wst_o4_i0_reupload_3_history.csv,7144,5b29dd635b26d4bfb0bd61b09ea05f46b97ea7872d6376df28490b9e1aa1c2c1
inner/wst_o4_i0_reupload_3_predictions.npz,2609,557887f2546414b3220b7ad81c006c5cba5594990648b3c797b4196efbcd581e
inner/wst_o4_i0_reupload_3_started.json,191,4bc196429ba718fd9feb23eb5477e99f4a9db35a11a07d4478f9dfd329563b75
inner/wst_o4_i0_reupload_3_weights.npz,3772,ac0313cf540710c532a5273dc61aff128d26c2b4a030a814dcd8c96d41751639
inner/wst_o4_i1_compact_once.joblib,8931,046eadb030e21963d6af034f727952a3e45c1eaa516b3ee84be7b5f58e92e452
inner/wst_o4_i1_compact_once.json,731,6de2dcbd275c9b41d8a2e465fe3dec8c90e31130cc15d363e29a3f6b954b231f
inner/wst_o4_i1_compact_once_checkpoints.npz,6334,07874ee009a9f6e45b552b1b3aa842136050e755a718078c24cf2d37f9824cd9
inner/wst_o4_i1_compact_once_history.csv,7121,bd9ed3113ef680f9d9352053275d1cce26797887541df8254b5a32057236c9a1
inner/wst_o4_i1_compact_once_predictions.npz,2556,cbf2f285f6028128bfd28b9c76f23c6d5114f1b4ef0bd657520410f4df3ad8ad
inner/wst_o4_i1_compact_once_started.json,193,f7f644ebfdd37484abacbe8a01b945f3378cb2130bc35cef341cae8c8c01cdb7
inner/wst_o4_i1_compact_once_weights.npz,3626,acc892eb6fce4ea59d5e0f34253984d772e1907e39cb432aa28f065f5bd30c82
inner/wst_o4_i1_reupload_2.joblib,9021,237a501f592cc78ff3392b004062f945f8650330b09dbc708282dda0884c6e77
inner/wst_o4_i1_reupload_2.json,729,8392092ed7f5357994666786f7caf74d49c6ab96a3923b5e3dc375268c4d7ab3
inner/wst_o4_i1_reupload_2_checkpoints.npz,6332,3f10b68e02be22eceb83c252d7d5148ab2f66cb54230fe1a08e8647d501ee051
inner/wst_o4_i1_reupload_2_history.csv,7159,7c980f645987403f7ef69bf9d3b34a267ea3042f2dc77c08689578e0f64894ab
inner/wst_o4_i1_reupload_2_predictions.npz,2625,bd5dddc6b2e406e23799dde1b6bc259d2b4b8f0351ff0a81584123b59346b1a7
inner/wst_o4_i1_reupload_2_started.json,191,939a6bac1358ce3ab2d2ec2b76fcd066d72cc964ab6cc241b8888b4ec78b08a8
inner/wst_o4_i1_reupload_2_weights.npz,3624,011327ba5fac2c564173e89c66bbd81d24bff0700cb691dfaab091b97097ee4c
inner/wst_o4_i1_reupload_3.joblib,9586,9dd84f2889761f0786fab0be280040524ecea3147424c293c3ba5a03569a2cc5
inner/wst_o4_i1_reupload_3.json,733,50f27a77831590c85d08c0abec8fe4553490c7c4eac952c92e1706ecc8159233
inner/wst_o4_i1_reupload_3_checkpoints.npz,6949,44e7e8399446a6de3bb3ccebb8f0b4e32b09c94a7437c954136097f7a89feee5
inner/wst_o4_i1_reupload_3_history.csv,7128,3b891d491fa2fcd61a35ea1ea674ec7f2e2f4fcacc1b2c256c7543a491e8351a
inner/wst_o4_i1_reupload_3_predictions.npz,2622,c3f6c3ec944927c7965dd4e6f39b6f365ad0d7708e43329a8f84f7c7dfefb20b
inner/wst_o4_i1_reupload_3_started.json,191,067020c7871261b770e87fb668fa7eea449bed6fdfe1f9967cc583cafb7328ba
inner/wst_o4_i1_reupload_3_weights.npz,3778,0e560c71b3961141f90835d17c35d974d812aac8e1294073f59950f62d4afb1d
inner/wst_o4_i2_compact_once.joblib,9050,6477c6ca8f62d03e9ba59a137414f01ad37ee9b8a47230235481eb74a5ad9512
inner/wst_o4_i2_compact_once.json,748,bbcb0929214607658a5adb760614f045f0918cc9877a4604723f0ffb346239c9
inner/wst_o4_i2_compact_once_checkpoints.npz,6337,acdd918ed8b1f2948238bfc8f20a061f131f0926e7f68d42b048e5aad23058d1
inner/wst_o4_i2_compact_once_history.csv,7175,270ff2dfabb2af2b67ca2a1fe623c25bbe5b3ced46599c6ccdcad6b8b293db62
inner/wst_o4_i2_compact_once_predictions.npz,2529,179dd02af44f28f3d79e21aacf358dcbff2d72561433250f4c818f8f65ff67c7
inner/wst_o4_i2_compact_once_started.json,193,4077f5d25b246eee665f16de66b3fcdf99b241a651093dea00bbf468d2de6d94
inner/wst_o4_i2_compact_once_weights.npz,3622,c6d20d720e1951f585a523a0b69b418dd7974a110ecda9e91df563623bfcc806
inner/wst_o4_i2_reupload_2.joblib,9070,24225d8e7182270d1e0d5e72c2eb30ee0e6a2c53c2145496c74a3cbfde49730b
inner/wst_o4_i2_reupload_2.json,730,6da6cade958b1309a878591aa326feca7505eb4fe7872db66428a91ee474c6b7
inner/wst_o4_i2_reupload_2_checkpoints.npz,6341,b07f8117089acc75dd860ff21dafc675371a13b48586f080118d0ccb60cac4a2
inner/wst_o4_i2_reupload_2_history.csv,7159,76552acedafe4643a15ee5530a3e5385a1456d72adf1c90c434fb017b8862a4f
inner/wst_o4_i2_reupload_2_predictions.npz,2582,7dff41f88515b9f0af28f65ad87dc3c12ca65c5b9176abd97c97f358c3340a3e
inner/wst_o4_i2_reupload_2_started.json,191,253a9b05dd11d072371d12ff602f44de078a99f24d544e1b46fee4eacf6f1b73
inner/wst_o4_i2_reupload_2_weights.npz,3625,74271bf8add733bf37effa6e27506c9bcb6b588234a44d73248a7b53d91839ca
inner/wst_o4_i2_reupload_3.joblib,9656,2e57b3775a0ffbfd153f7705c587a2b454bd2682ddd54211d59a8f99548d1a53
inner/wst_o4_i2_reupload_3.json,745,087188100a6f8a257cfdc89172ca3e03996dee017342715034346badafcae4ab
inner/wst_o4_i2_reupload_3_checkpoints.npz,6947,e94075fc633edb4128c7e405ddd32d8ddd5002b990b312cec34976b44f580ad7
inner/wst_o4_i2_reupload_3_history.csv,7180,7faaae47b60fb1ba0695e878e3b3a5401b279d356ed008bd61a82ba73d16f610
inner/wst_o4_i2_reupload_3_predictions.npz,2652,4d3a8c2b7ba064237577e71dd4e61e5407e22530891529fe805b3e9d16c9b546
inner/wst_o4_i2_reupload_3_started.json,191,9456d712dc362dcc14433a79fc59b6b848cfe6b0b954627836965c21940f16ad
inner/wst_o4_i2_reupload_3_weights.npz,3776,76d15998e2e4f96f8199f967aa4142d84b1caa38ee6bf9981eaea55f6a09a8c0
inner_scores.csv,7246,91560f856ef1870de890629e664ffebd98f9be78d3a1183d9e43c10359cadd84
manifest.json,1640,b1baa6894178282a9fb90b8b0a0501bcecb76404aeb184d182cd8c4af465da4f
metrics.csv,3310,907a1fc77803f066d9890852855d25c2d85972c6f76082e17a0ca55a0b377d23
nested_splits.csv,640629,4b8ef5e77e98d28e5ff0750f8814649ab8c11fdce36a60f6a9df50e6b20e149d
outer/vmd_o0_seed0.joblib,3207,36ec02f7deb46a4149323fa42593a2f47d43553ea0f5f5b4823ab060f849863d
outer/vmd_o0_seed0.json,513,c45834eb81b440125f15265245c7d204f9439f056a4c9c2ff0adab3f451517c4
outer/vmd_o0_seed0_history.csv,1720,27236a405903fbf529443e8840233867705761e69b0e98dbc832b4af47a1e888
outer/vmd_o0_seed0_predictions.npz,4635,096d70d9963f33a378f3ada21fc204231bbefacb68ac034295ac1debcbd59507
outer/vmd_o0_seed0_started.json,358,ff8c550bcdd2fdb015fc3f9dbf975609baf189cd46b55ff58b1b9a561f52c39d
outer/vmd_o0_seed0_weights.npz,3624,0fb9224be64df27bc5bc873baefb55157a7ffc2bb833443601b69a016c04d15f
outer/vmd_o0_seed1.joblib,3204,e4fa52823f28b81e838798efa10a8e3773975e9b30cc26b7a0938435dbea14ed
outer/vmd_o0_seed1.json,514,4fe63593215bceb1cddff11367dbbb06a6029f965b8acdca5e27799afa88818f
outer/vmd_o0_seed1_history.csv,1718,655364d7e66b40528dd7538977c212dbc8ed8b1972aa51375faba6a0689cb87d
outer/vmd_o0_seed1_predictions.npz,4615,bff89d14850d13b138d7793e612e454a8e3d75f1b7f448761e340b56ac473423
outer/vmd_o0_seed1_started.json,358,6233e06431cb57842acdee1b8416924075373125204fea1a603907bb13782447
outer/vmd_o0_seed1_weights.npz,3621,0d730c4df850fcc77c828504b8fa579ed333ca2f49756648e577f7cdb999b61c
outer/vmd_o0_seed2.joblib,3206,7126dc52d6bad4dc36aa76c9fab68dedd93b38be1af7b36eeb09846c27bfc9f6
outer/vmd_o0_seed2.json,514,3c9a0dc423d213499f97e4805dbf183c64fddaae9ec560efc8912c0e6f6a5007
outer/vmd_o0_seed2_history.csv,1719,5b4a3ca502fbe0d790173db545b423c7f01a47e4c005b0b00c1dd2ba5de10b26
outer/vmd_o0_seed2_predictions.npz,4619,f1885a54bab76d2ad6da0273d203fdd122d0040d05baa5efd3f19105bd910cd0
outer/vmd_o0_seed2_started.json,358,464a52f785492217c0b7b2d9234f91e2665f499304450f97c10d0911f6059dee
outer/vmd_o0_seed2_weights.npz,3625,cc2909d03144bbf2100e8f443793d45fc5a08bade28e7325c60b7caf8baec97c
outer/vmd_o1_seed0.joblib,4797,94c386999ddba84603a20013d61f4a3b6bb665a6663edaa8c32bb73f3f876fc5
outer/vmd_o1_seed0.json,520,980ce71c1f4b41b4414b6c9d27824d0a901608b408c53e4dde74fe6228ca10d8
outer/vmd_o1_seed0_history.csv,5122,96c092fd76a18e854a81dbb056a9b46f1caee64e2c1994a3a56407a0479b3d09
outer/vmd_o1_seed0_predictions.npz,4600,ad21d6290a1b9bdf55791c71b7dde6d3dbea7715de529be8cacd383f8c7ca991
outer/vmd_o1_seed0_started.json,368,2cb155e8ec52e3b7da68ef9567ca9316908e80b2549063680fd2878bd82f8b59
outer/vmd_o1_seed0_weights.npz,3629,eecbb8f6478714390c0036b8c2f4846978a4788d97b84636dedb892f643e95a7
outer/vmd_o1_seed1.joblib,4852,ae3e7df9c83a2616bfa2f24ac19db38c77ebe68834a4017fb95f70a25a1d40a1
outer/vmd_o1_seed1.json,525,bd848450f2fa6a7bfdcbe20f7592fd5b88397d61ab1d54423b6ee4f096cc1d77
outer/vmd_o1_seed1_history.csv,5120,14fcebfb1fea5f5f9d6ac5ddb121c0f9f517ced27eada94065bac83ebdf2c808
outer/vmd_o1_seed1_predictions.npz,4600,90b4c512fc5c244d80d9e0bf36c91429529a352978785537b7037e4e5e2cd789
outer/vmd_o1_seed1_started.json,368,7424ea61e5633b69c3fc36d4a8f347bfba6c0a258e64dfdb5925805da5183647
outer/vmd_o1_seed1_weights.npz,3629,4572e759652a46f3d11c0af3e35142b328385ec94bf71d023898755dd93cbb30
outer/vmd_o1_seed2.joblib,4800,88dfcb1b8d07fa92faf2be8a3f1d4ea99a54353d869f2487531187f061b60d85
outer/vmd_o1_seed2.json,526,9b14bb5fd035b4813fe862401c35c73e27e99e55f67b0e2a7d808a1ba9e99cfd
outer/vmd_o1_seed2_history.csv,5124,e230ae219ab0bed2888b642f5c8553c8dee8dcb03e0c7734de9543c1aad05719
outer/vmd_o1_seed2_predictions.npz,4580,77045949d4d4de2455096e3e69b83179209f09fbce338c7e04a282cc65b1a5e4
outer/vmd_o1_seed2_started.json,368,be457e7add60204fd328e22db2c4d8c27a74874cb216d6e749f720e6c78f5292
outer/vmd_o1_seed2_weights.npz,3630,b96a9cf9aac1517cff69f4da8753c8f75c35a743700f3ac09235c204acdec65c
outer/vmd_o2_seed0.joblib,4009,d86b3a34e6013aba314a57e341604ef85c7f3810bf4d54813e80dff01112dfc9
outer/vmd_o2_seed0.json,526,696c76e5b1a27785170af3e935883ca398744cfd4f2c1ffa60f59fd0ff20b775
outer/vmd_o2_seed0_history.csv,3412,7d25861272d844fe22777ffe0aee3402a4d2efba3b5b3e9e3b8671580170c0f6
outer/vmd_o2_seed0_predictions.npz,4578,4dcd4d4cee33bde98e21b41fd2b9bb36bebffbae4fee7a55b0bc2f60c4cd7981
outer/vmd_o2_seed0_started.json,368,7b86dbdf1620bf9315512b7e7c1aa2fb9d1723c8e2a2a87d8963ec80187364fa
outer/vmd_o2_seed0_weights.npz,3626,b7abe853fff5c776dfb8b4bc8716899b71f333900495bd2aafeb29382f63c3bd
outer/vmd_o2_seed1.joblib,4023,fda979529503b0863d88104543383b94525512d802f90f368c2d3986990fe0f2
outer/vmd_o2_seed1.json,526,4038c31b1187c4c6ee8a40860134cca05e4ae99a4dd7e37b49583af174a97982
outer/vmd_o2_seed1_history.csv,3412,09610956c83a7ec83d022b5ea88834cc576ced2e988ccf20ebace228e2afc6c7
outer/vmd_o2_seed1_predictions.npz,4562,32faf2f4e19b2a539e0eb0b1c32663d7d761377cfa7c3dd75ff4495f0a7922d2
outer/vmd_o2_seed1_started.json,368,1d0974bf441fd448dcb961d7c734a463505649d52ba4a5cb9e28a5f6f1b4a88e
outer/vmd_o2_seed1_weights.npz,3627,4edd2f5a8a51ce864f3a062256fa6bc24773ecd88e80d0ff5c0f7a2eaff8e097
outer/vmd_o2_seed2.joblib,4001,0db1be409c41e405874862256bd75c58392b45cd961944151d932edf8b2d658c
outer/vmd_o2_seed2.json,525,b5906d8d10bb06d88e05dd52b71d737e64943c52d91b7891c8e7cb35e9365bec
outer/vmd_o2_seed2_history.csv,3421,a06e0ee57e8491ec724111741f81c57d466f41ea14de375b7198523212b8b09e
outer/vmd_o2_seed2_predictions.npz,4567,5db5b176845beb0bfc89a04aa8f30bad87b64feeaba2e61dc3800d5f278da01c
outer/vmd_o2_seed2_started.json,368,ceff1ae882ed5a600ca89630c7c941190a30098bf652bd4a83cd30d40418318c
outer/vmd_o2_seed2_weights.npz,3628,c0b886b6580fb3a5ae66abfb599d94c4db17042d1248f22f9f971035f740a366
outer/vmd_o3_seed0.joblib,3219,dc5177a0779fb70b2819d395432a48627f0131424b93e916412598a79964ec97
outer/vmd_o3_seed0.json,524,87a6ccab7510bf8fec94ffd0f8ed3fe8b1e774694077353683ab968df72c69a7
outer/vmd_o3_seed0_history.csv,1718,0bd12bb4c9f0014adb00736b586e8e5f3ec831a0b4f3ab0d625f537bb947f1dd
outer/vmd_o3_seed0_predictions.npz,4612,4558288e2c3ff1f1e24372a48287f69ff32cabb0b6d4fbb5be0916532b777a2a
outer/vmd_o3_seed0_started.json,368,def189902b43c40962d656c7a7c955fa891bd2d465b157c0d5dc047843565079
outer/vmd_o3_seed0_weights.npz,3628,814366315e799f9364bc44a2e96964a69d4ed43383cae79306258151db038ba2
outer/vmd_o3_seed1.joblib,3208,2991252f96c3f0f014286b96686d3b5b72d4c7cfecdbcc79ac2a93138d80b350
outer/vmd_o3_seed1.json,524,651ded262b1f6b8cebb1273ed7f5341890087c9e9d115477dcb1845693cfdaab
outer/vmd_o3_seed1_history.csv,1721,f9df51d5568e87b057b40e3d185319c4f2475c303c63c35bd73a73e8267fce35
outer/vmd_o3_seed1_predictions.npz,4582,588c3d93d1b53145136b82c5e943e3db5df495a87919337ed257614d5ec5f2d5
outer/vmd_o3_seed1_started.json,368,11ee38acf0b88b5a087af1285efd0f26b695fdbb28098eb8c486ca41a3fac808
outer/vmd_o3_seed1_weights.npz,3629,79b8bd2f4b581bbe1dc326f04af807141dffb5df25a87cf52ab92e338652f023
outer/vmd_o3_seed2.joblib,3210,67744955bcc45e530f51d8892939473f4b5ad62be93d0d5b875f64b825af26c6
outer/vmd_o3_seed2.json,524,50db6d3ba31624a795e8f19d1ccea6b3bf826ae2489b8288688aa44fde8215dd
outer/vmd_o3_seed2_history.csv,1713,cc463c9bcf960f34cf9c355af828d06c4ebc302bcfba7a7d524c50c85eb9b826
outer/vmd_o3_seed2_predictions.npz,4620,a295c4dd0a2c2ad28059390734166a30280387ced1047fff291f9f1d073dcd4d
outer/vmd_o3_seed2_started.json,368,1e4475bf1e65d0032f3d4da7095d3687649a1fd4675cd2e67fb554b82fe92b67
outer/vmd_o3_seed2_weights.npz,3629,a5ff220427a155c961c1c0ff059fb61e2bf0a57c9cf94c3ee3f96c7baa08007d
outer/vmd_o4_seed0.joblib,4006,0c6909bc883647f6e3e5b3c3a1892c030c57f33bdd86631d700f380bf0b2a2f4
outer/vmd_o4_seed0.json,526,141b41a5943790526d31feda14ce03a0718a72e31c63dee6ec26429024b1e5f0
outer/vmd_o4_seed0_history.csv,3403,cf21ce1464d3a16480bea4379e842e60d6931ad2168ee33da1e716d5c76f191d
outer/vmd_o4_seed0_predictions.npz,4605,f69e63e12d154d1aa33457229311cc5b7afe5e53cda0a059d9bcc44aad0739b4
outer/vmd_o4_seed0_started.json,368,34f053cd93812265cf84f239df3366dca98084793c6e6dcfd6b290b0babd80f5
outer/vmd_o4_seed0_weights.npz,3626,97333dbdbcb72cb5acfe0af1cf919ef681f66f7232a4e55cd8d799df3a405634
outer/vmd_o4_seed1.joblib,4012,36513c49c5f08b20c02ae47717e133c6f12ceee8d5aeb38b7fba4763291573cd
outer/vmd_o4_seed1.json,526,9b2ffb209016128e21af48cf48c11a64f0012286c644f31ea48f30aaca92a565
outer/vmd_o4_seed1_history.csv,3423,e629bddc2c84c1485fc3492d485778e53ff2328123e37aa769c41178a4556172
outer/vmd_o4_seed1_predictions.npz,4591,06f740085232633b95f768e764f6fa248dba2484e5fc4c3874f864c5f91e5e6a
outer/vmd_o4_seed1_started.json,368,586d4083e7d7d258efd2450a1531817099104e7c7cee76abce0f27b1d5116443
outer/vmd_o4_seed1_weights.npz,3627,0bb14bd74f66952da8c5418e998edc42631cb2cd8f2399d2184afce9cd081a9a
outer/vmd_o4_seed2.joblib,3999,2c892b6c9bdbe31f8c3a77c305d0bc72048dbedb098bc67604700dbda087e048
outer/vmd_o4_seed2.json,525,e0804a32c30a47ada815bfcf4003f94dcbe899e4ed9cc38b07a3d720c699a3fc
outer/vmd_o4_seed2_history.csv,3406,6e2180f773a3d35d9416d37abcc1c2589962162b271f7d34facd326fbfd771cb
outer/vmd_o4_seed2_predictions.npz,4561,05a24fcaadf9513e2374eb60a0a0d8aad7468e53dc255295aafcc185502280e2
outer/vmd_o4_seed2_started.json,368,b2d09dc57a3f36c5f2641c0c90ac6deaa25b556a1ca079fba9a1830087b29f53
outer/vmd_o4_seed2_weights.npz,3627,a07435a29e97b9c169c5bef60885db932051cec244708ad17d7d731ef4a4a184
outer/wst_o0_seed0.joblib,5781,d0b4c7fb54c2fe3479b5cb735a6c79dca63911937533015b7c07ab9b496dc15b
outer/wst_o0_seed0.json,515,9b16df9ceb62d40d795388c776e5ba1c0288d8c419caf8eb50f540ab57986769
outer/wst_o0_seed0_history.csv,6807,2df1f78643f5570730ec8a8c36e96af3722fd1273cd150960db337743975a886
outer/wst_o0_seed0_predictions.npz,4623,cff2ee8749d6f0b4a2324e4d7be1fc777ec1e2b5485ba5837497dc45ece2b980
outer/wst_o0_seed0_started.json,358,e9753a4817200814eedc87b2ab96fc2e1849239474c1cd7626cecd5ad5df1419
outer/wst_o0_seed0_weights.npz,3773,80a1577e67b9745034570be95100757535a58d641ac8854b33b85b959df3579a
outer/wst_o0_seed1.joblib,5787,0688efb11e33d1330aecf1549987b150ed6996279b0896496cea9886ad7b3be7
outer/wst_o0_seed1.json,516,75a748c89538e9dac7e21fafd74b7689dac7a9c30edc5c1322652bdbf0ac0325
outer/wst_o0_seed1_history.csv,6819,20769059989073c716b13f090c3f9830ecfe79caf73fb81fd0cb87d6facae5e3
outer/wst_o0_seed1_predictions.npz,4650,deb397a04a8e3c8fc77b8cc92a1ed1c9593dcfed181cb269e0bd387925d2ee52
outer/wst_o0_seed1_started.json,358,99f4cace61cd203e463282a65c46bd65a3a9541e3088a6530de1c4f4a8ae1054
outer/wst_o0_seed1_weights.npz,3780,fb2fdc17b2474a44f753b077cf9331ddb6f3a4b59dd3e8f421a3c9aacaf7af91
outer/wst_o0_seed2.joblib,5789,3ae1490b4fbf0af3aba60bac8a056c2b60d009695193215cd90f8ec3c7c35dc8
outer/wst_o0_seed2.json,516,a9c73758178909d1b10a0bbf768600ce5dda61a64b02604be8a3fc7b754ed813
outer/wst_o0_seed2_history.csv,6834,7a6490024271f34a39e12ce9de6b5aaa0421fcbdc75cd7d5cf4e10228e7ba6b1
outer/wst_o0_seed2_predictions.npz,4634,47dd570cafffb351f0e0cf892a50c08dba695b0a51bcf40b81ab21de9143f8b0
outer/wst_o0_seed2_started.json,358,b92fe4fffa79aaa29ee704efbd878fca23652fd1256f55e4f4da28a00ddcdfaf
outer/wst_o0_seed2_weights.npz,3779,380d51f0a0c23f148f13dd58500e31cb858b64999752567596fccc4a6a4666fd
outer/wst_o1_seed0.joblib,3219,18203559bcfcb4ca7a295f5f2ca248e6707185d95f10fcf1d4df26f62acd2a78
outer/wst_o1_seed0.json,523,41f068b8e6ffcb8bfc1b787974a3a0e53d130b72bc1cf89a887bb63eddf94211
outer/wst_o1_seed0_history.csv,1724,24f4ad0d9fa225aa714f3d3b31d305b36bb23ce25137ef3b4448054d1d45a376
outer/wst_o1_seed0_predictions.npz,4571,298703fcdd69c6efa3e64063bafad607983ca2c2a120f25880ecacd3360747cd
outer/wst_o1_seed0_started.json,368,dd1e50946f65e010cd7e6e09484eefd60f389769bc6bd25e7dcd1e6f07d06c21
outer/wst_o1_seed0_weights.npz,3628,d9902b7b7b063c8ee8541643ebc799569aeda9f670fd81af8b30383b5e38c736
outer/wst_o1_seed1.joblib,3206,a1695de6a7fa3a4421750122349466c265e1d3faf39a1946ea587a77a8d11b94
outer/wst_o1_seed1.json,524,816e1169ead6004dced9a6baf575b64367e1192a930cb39c03b9c5f47cc04a0e
outer/wst_o1_seed1_history.csv,1725,334dc89cfc1087748a727ba70322a222988e535486aaca2431751846f6c1e98f
outer/wst_o1_seed1_predictions.npz,4586,8ca2fb0e39f385654899a509b7afc87295945528056a014ec4964a8452536fe6
outer/wst_o1_seed1_started.json,368,5e7d658d41c3450163fdf27944dc5a96a8954687780a7db096d204f661efdfa3
outer/wst_o1_seed1_weights.npz,3625,768bed788dcaf11e1223913ca6173c3496ab685447b390809af059fcd3884878
outer/wst_o1_seed2.joblib,3205,753b45cec299992c032871a9bcc50d321f5b2f5da134674cea71f5bc9c3f7957
outer/wst_o1_seed2.json,524,2e04351c5caf622402053c16ccbc869f3367bf676a6afdd4b9f186312f9a8585
outer/wst_o1_seed2_history.csv,1721,6bd341060df50caff24d207883cfc4720e224b97e77a8c3d6f00d52e878da509
outer/wst_o1_seed2_predictions.npz,4608,55c203065082bf96a7586f7bf2738de6900067d568e5053decb33a6d3ea6a956
outer/wst_o1_seed2_started.json,368,9f35b1eed1513b52c5a3cc35080d0759c4a2ef6e46c873133e9b4fea6f112336
outer/wst_o1_seed2_weights.npz,3631,498400e299bbb8cd4d7d7ee95b9b57c4c0f722997df9fa471bcba4d25b7fa28a
outer/wst_o2_seed0.joblib,3210,a58a4863c9c280a6024218e3afea1fe731dc74f02fe2cbe996e3b61a9002288f
outer/wst_o2_seed0.json,522,0741de57c81270e08f557b89912e5c4526dc1599b8189f7b270401322c0a158a
outer/wst_o2_seed0_history.csv,1726,3470d2114f15b0f54cd32899c2042e680aca41f2f4866f3a8d2eb0c6a1fc4ffc
outer/wst_o2_seed0_predictions.npz,4549,fbf6f6ce019de9db5059b9da4ecc4dfc60aaa5b98de480c8ceec84858e5c4617
outer/wst_o2_seed0_started.json,366,c58d694e9644b943c9059ddea096a1f88798950ceb73f35ed4be9dddc5a804bb
outer/wst_o2_seed0_weights.npz,3626,2f4ad9808a882b8ca3f9e812e1874defb5537d1161d9b06546e296c91c0d4ee2
outer/wst_o2_seed1.joblib,3206,0f203a60110c004d1e6d5a8f666c34d9483cefcad64dce12b1b7451c648b6632
outer/wst_o2_seed1.json,522,0c3a44b0c3c70052018fac69f742de3e25ffa616453d3a40862c0183368c60dd
outer/wst_o2_seed1_history.csv,1725,f3bce4a7c0cc71099f4082225ff03a25af58d624f425ae0a6d442c3f2a09011f
outer/wst_o2_seed1_predictions.npz,4538,ba0f25a8cda613a1da004fceb4e69e741e093fc260973ea33805ae38d3016c71
outer/wst_o2_seed1_started.json,366,170fcc57638289c2ab531968afa4422d3217357cd2d34558cd3371587a848e80
outer/wst_o2_seed1_weights.npz,3621,e0e45340a1ea1db7388d10a24ffc113382084a4736a9f35a037f985654bd71df
outer/wst_o2_seed2.joblib,3211,65c938069daf7a2b4940bea603e2a007055aeb11e97b23c1fc9ae860a5e04230
outer/wst_o2_seed2.json,522,e3ddad2f6b44d7a4b81f9d885e066e2f045f0c98d28b546ca27adf089a48d926
outer/wst_o2_seed2_history.csv,1721,1d020d768209e6d6fc078638e0d60e85ec9e3d58ec0e219dc93f44e0b398821f
outer/wst_o2_seed2_predictions.npz,4599,9f78fe468458198a7df41c9985310f781e745242df5a82c6c74919ec1a0dca38
outer/wst_o2_seed2_started.json,366,82978bc1058328b46d123ac1ae5b0f199befa18a2ac02af80f509401ee02ea6c
outer/wst_o2_seed2_weights.npz,3621,1c4a84e349db933bf7ce5bfb912eb5af5da7c6139db1d1c6d0cfc1e16420b7b8
outer/wst_o3_seed0.joblib,3214,b34827a2dbe30c2885fae24869a08690392e69c4025f5ffef55e7bd84132fbb0
outer/wst_o3_seed0.json,524,d54a92a5cdaaa7121bd8b9904fc1183aed40c891c5215cc9f0e3a75262a21b54
outer/wst_o3_seed0_history.csv,1714,0e1ba297ae11c7d06b051a9543adbd53f9343281f090a8dd6c4371470a0fd376
outer/wst_o3_seed0_predictions.npz,4578,656de4eb2e978f38a48a4d1fa7b50abdf72e362ed4abeb4bc428184cbab5d1f5
outer/wst_o3_seed0_started.json,368,e28903a5720db7ffbf917aaa2f409458c7f0340369b012809f91aa5fcb74fd50
outer/wst_o3_seed0_weights.npz,3628,ed510953aadd3988014fd81752a5c512f690f897f675dd0d881acc8b5476819c
outer/wst_o3_seed1.joblib,3219,968cba6d2581854d5a806512f5990ed6cba321d5ccfe3651cd4ca54ec8c67b14
outer/wst_o3_seed1.json,524,f34f356175ec2e539f4b3f2b80de677363d016810061df4af5602e64582e067d
outer/wst_o3_seed1_history.csv,1714,c180a5a48fc5f21be6949b99f38996a5c4af709d93b296208b92ddaebfeeae26
outer/wst_o3_seed1_predictions.npz,4590,9c2b3502e3ceafc5713996ba5c84801c487d4a9d74f5fed8815500e719482806
outer/wst_o3_seed1_started.json,368,c051395bca1d76547427010f9f1d43abefd5ead8524e4172823ef5a7cf493163
outer/wst_o3_seed1_weights.npz,3632,292e7e37db34f11da57b843b883af147553fc7cead56d2f7b03f4ba7a13f89a8
outer/wst_o3_seed2.joblib,3215,1532d98a930ea95117d3a82999279f6924f1c0f2b0b93020967accc9842081a0
outer/wst_o3_seed2.json,524,f71d11aca3dcb9a18b54333d00050f53ae4484d64077612d3ae717a9011094d5
outer/wst_o3_seed2_history.csv,1721,0fc49e6f68379fa90a2d853d3b1bd39bcec77e3394780acc71407529f8b304c9
outer/wst_o3_seed2_predictions.npz,4573,c86beea1c3b66cbe5467052a3df2a1ed4c75728cc4481d57d340d465c5423049
outer/wst_o3_seed2_started.json,368,2711d766f4d34d844959f8bf80092adc44e4b05037e55c2144fccb362d8b175c
outer/wst_o3_seed2_weights.npz,3628,0addf24c0015d32fa8b8baf7b6fa0d08427a8e555a278e900bcaf1886f067794
outer/wst_o4_seed0.joblib,4003,8b2e1ffd3c49b27446988e54ca82460e65d7e4b84db6c15a607b27a5d918a618
outer/wst_o4_seed0.json,524,30fbb4b1f2400e358ebd4c2224bcc8ff176ac8864812da9a3bafe203acff54e1
outer/wst_o4_seed0_history.csv,3419,2aa300afadfa9654d8974a6e71c5f1c9e9c723ba11c9f3db96cf65afb99c788d
outer/wst_o4_seed0_predictions.npz,4574,f8c83f9f9147bcfd579b6927dc48d152d05be1eefe81ec338b0d8e93ba4a3737
outer/wst_o4_seed0_started.json,366,8918c04c7c454b5c7cf3e39e393cf3e52867cda6d68de85fdde02d429e161e52
outer/wst_o4_seed0_weights.npz,3625,7c3168bac2e3734389fa48e4357adc190d54b3d7a5c101ef0ee53062f55eea7e
outer/wst_o4_seed1.joblib,3989,bcd7f825487b0c0c6dc4b26c5ac49cacc715a1127d583a906dff8037c99df3bb
outer/wst_o4_seed1.json,523,c3ac7910f20f33b4d623c6e21b5eda94736720a167f6c4564caf6edeb663b654
outer/wst_o4_seed1_history.csv,3412,a1d2d2a75230b49b28d556924cd06604120a304421a6e76cf0b91e699f8d13f2
outer/wst_o4_seed1_predictions.npz,4575,91cc44061f614757b2ca8f4394345a1a27e7205bd20446868d5e3a58aa09d395
outer/wst_o4_seed1_started.json,366,2706ad137ce6a22437b2f9c0006304d366ccc4342c637cf02d822a2c2c575861
outer/wst_o4_seed1_weights.npz,3624,f6245369a33c1a2b8afb855519097204e09e30453896822742f28e1296cccfb1
outer/wst_o4_seed2.joblib,3987,d13429b0807c8fe35fbac74c49e9ca24ada738cfa8bfe28eb2187f8ad5b42bc4
outer/wst_o4_seed2.json,522,8fa6386745be9a9d94ecb601303d6f440a0b2878b72146628762eae03ca909e3
outer/wst_o4_seed2_history.csv,3417,d1b0cb85b6c052552a3dba220cf9cdf9bf6de1778adc85c39a1c049c446fb68b
outer/wst_o4_seed2_predictions.npz,4585,a469abd5b859f2addda17ba797ea6e530aac9bd9265c4cf09368e3abb04d9f88
outer/wst_o4_seed2_started.json,366,2e0d8cebb9a567bee3a70d352ce3d7bf90950aa49752077297c44200259b8ef5
outer/wst_o4_seed2_weights.npz,3626,d3543261a9a7733d970fee6455d26fd136be9346f9aba7e7615ad96ce02f6833
paired_comparisons.json,3994,c4a995453e95b00549ea4086d275175c31e6ae3ea204268ed5537cdb2d2cc7c6
predictions.npz,6605,ff1fb956d189bd9f9091eb07e0aaa409344ba97bb3bdc6f451207c44b7566230
preprocessing/vmd_o0_i0.joblib,952,6da6aefd2bfda9fbf8c98c995aa59b124f1056653067bafd30129a8844c3d6ae
preprocessing/vmd_o0_i0.npz,120768,82d720052c39930811ce1bf81fe5c8d97384193fde23f2b3ea186c3645c2a82f
preprocessing/vmd_o0_i1.joblib,959,58b8e380a979b39660b1d500314a841d11819a46041517b9a5fd40d89571c324
preprocessing/vmd_o0_i1.npz,120839,11e8d2e57a303dc18d37373a7226bf94522f4cb7e0ddcc7f027c8ed9fed9e70f
preprocessing/vmd_o0_i2.joblib,961,32e8c472b0c8f669523759f96c187e04c95b6a12ad322fa72e7b7b9cedb1f36f
preprocessing/vmd_o0_i2.npz,120899,d56be476c38de47be6d312318e0bce00ac9255f53fcc5ef5d0d7a7f4af696d3e
preprocessing/vmd_o0_iouter.joblib,955,2005b43648b262721da1aeed96b046086f1a2faa5070ec84c69c7927956750a7
preprocessing/vmd_o0_iouter.npz,152212,d12161b25c9de2d0020dff3d154b857d71b2a43f59b5dba5fcca018adda0ad80
preprocessing/vmd_o1_i0.joblib,953,ee6baae07d6a2a20930dc32ff329d1f7022f17575a8711a45bfa4ddc051fcca0
preprocessing/vmd_o1_i0.npz,123150,45b2c1b78c7b2392911dfd71f63717110226553cb20a84a0ca7a2fd11df06bf6
preprocessing/vmd_o1_i1.joblib,962,53482978462e358b72c7658b200f2c4166dccc598d69387fda8c37d400599312
preprocessing/vmd_o1_i1.npz,123069,ef1109e210dff183cddc4872df7f358f02221418e07e8bd6678c922020edfd82
preprocessing/vmd_o1_i2.joblib,958,8efa33780bd4673dfbee0b4affcce7db964108cc1efb84c7c8b27a911b1542a9
preprocessing/vmd_o1_i2.npz,123046,96568bb3a61dd19c4fa4d1cf9494ecaecdb00cecb1d1ae54221dd37623b1f65e
preprocessing/vmd_o1_iouter.joblib,953,6731952b5d76c1690513db20398e2f1a030433f5be185b245e44be5f5649b609
preprocessing/vmd_o1_iouter.npz,152803,483fdc1f30c5d19933270bf8f322af6132572d490123f32037778cff2170cc60
preprocessing/vmd_o2_i0.joblib,954,758c53b06bd24d56bd6d8f52f394a2f56a6fdef9b5b007cfbef59d7ae53adda4
preprocessing/vmd_o2_i0.npz,122960,8c7a032c6c28e92e361605e35788b8870c0f7e148ffa1f63e2b02038e6a7c06f
preprocessing/vmd_o2_i1.joblib,955,681db8cc4c06be71e045dc8c0e456466359234a787a2a7d432045b94bea773c7
preprocessing/vmd_o2_i1.npz,122732,f73ad638f2faa77fbd41ad7f0b8109bccaa741d11a7dd486e072d943fe3c1bde
preprocessing/vmd_o2_i2.joblib,959,bace0b5457f30fdcdcd39334880f64befbc81628271d01de78defc66ca06db40
preprocessing/vmd_o2_i2.npz,123122,2d4ac2912c54c49e290f9978ec4fcf87f283e4ed09dc3a164430e7e299232ff5
preprocessing/vmd_o2_iouter.joblib,957,66ee61f095c9ff398069f3d776b988061fe625b383526fef5ef098b1be585025
preprocessing/vmd_o2_iouter.npz,152781,f4ec714e8bde69b9d2ccc95a73991e4db5510bd247492b7ecbe1d27b8bf00062
preprocessing/vmd_o3_i0.joblib,958,7d7b283f20448eb6548a09f868e8c8787202b1c624f60b115d16939e1e749869
preprocessing/vmd_o3_i0.npz,123067,7a6c13fccab34348de6ebbddc44b59fb20c4478164183aa4acc3cca9ed6de28b
preprocessing/vmd_o3_i1.joblib,952,3599848346ee2367f502d4e152c788ab29876e73b6b3bee24f40d2439f984bdd
preprocessing/vmd_o3_i1.npz,123119,09cea651d3012ee1c066fa3957b79cfa06b0db1bb74f59036c6001e5ea8db8a0
preprocessing/vmd_o3_i2.joblib,957,c264470b4b565ffed39b673fc785c52118e021be8516c294568099548d0c84fd
preprocessing/vmd_o3_i2.npz,122615,8c395a11ed5767ff14cbeaa28457b74c3b174f26b05e77cfbdf770ecb3a27747
preprocessing/vmd_o3_iouter.joblib,960,5f43ece9087ccae168b64022056a22dd7c439dd100681a986aafb61fc041d080
preprocessing/vmd_o3_iouter.npz,152908,d33d8a236bd9c8281dc939567c0d6103b08db42ba188a0478de4f5b01db589d2
preprocessing/vmd_o4_i0.joblib,959,a28f4b2752423ec14c903e235a2e44528e03c5d22cc58a56026f04d05db5535b
preprocessing/vmd_o4_i0.npz,123091,030758d41de101609505d03182ca6b8536935e238ff0f5cb33e3911a90cdec13
preprocessing/vmd_o4_i1.joblib,956,bc1d2092ed3eeb26aab661c924ddb77e48c77ed37816d8b2835c83cda026cd71
preprocessing/vmd_o4_i1.npz,122602,8600772090adadca1d98f58178e59a63bcfcee6e450fb8f83f2e9197172e5e0b
preprocessing/vmd_o4_i2.joblib,958,0f0db170f58ac4607ec0849af883387b763396a6ae4a42ada9cec734a10d03f7
preprocessing/vmd_o4_i2.npz,123113,6f567b97009ec90e05aaf71ae888f9b50f51d753cda9bdb794c0dfd5ace26f62
preprocessing/vmd_o4_iouter.joblib,956,a9b242e2af43ab3e2ae989ddd6616ead84a9e6c4e42465c7db2758d72c251e84
preprocessing/vmd_o4_iouter.npz,152821,9577d2687ea0f5b8aefb15167cdf5ffbecba0ed6fd2f219ec2348555d5bf9365
preprocessing/wst_o0_i0.joblib,959,f43ec63fc0596d67c6f22d412c88dac682b13890c0c921db4146776fd24d6fb3
preprocessing/wst_o0_i0.npz,121211,9824dbf95da2c9c144e1fef32ca3a8cf3feadadb92579056e88f0e90b9bda70e
preprocessing/wst_o0_i1.joblib,960,6e6c6b0a139ee14b4e82e716e51d444d89ceab258fd0cf8f6fc638468c4cf56b
preprocessing/wst_o0_i1.npz,121173,c37910424d017f21a3c909d8cc14d94eaf049bf001fa30374ae29b3cf9b9eb8d
preprocessing/wst_o0_i2.joblib,960,5401aa26e41b26c01b9c51fc541ce52299d9aafa6bc4bfe81c4a955fdd8f8e0e
preprocessing/wst_o0_i2.npz,121148,c3537eb0b460a884080d3e238fa5eacab780f9100d0a180671fa7c73b3acf4e9
preprocessing/wst_o0_iouter.joblib,942,7c2c7e60efbad1e5882b6a40f54478733aaef1209f06f59764890926432b560f
preprocessing/wst_o0_iouter.npz,152832,0c54ed3e882cb3bfc90d83e16f8b8a835a465a3fef226f3d58facf3d3fb2af2d
preprocessing/wst_o1_i0.joblib,953,a744802e3f52a85d55a54355733f05b00a7c3e44683c0668f230f8207db0e1dc
preprocessing/wst_o1_i0.npz,123086,6294d754036767e88eab43e6ecea90d0172fc8b56bbecf432edbf0e02e3d94aa
preprocessing/wst_o1_i1.joblib,955,62b841ebd555411cccbaf7f8c50deff1b0368302eb84705ddc0acda2f97cae20
preprocessing/wst_o1_i1.npz,123120,e9e4cea32dd2034ea55d756548fb478890be912795720a78502f7698849eb494
preprocessing/wst_o1_i2.joblib,955,f6cfaa63e47e8863d6f55c2448e801cae4be4009db5976e9bceee61a5e6a8087
preprocessing/wst_o1_i2.npz,122999,a8e7422a2ee16c7e494da575550b6221b5f9853338fed53c982a9b6d8e3e8433
preprocessing/wst_o1_iouter.joblib,956,8d17ac84dc8d6ce3d65990ae9a098a5950969fad4918edd3db8bb87ad90c962c
preprocessing/wst_o1_iouter.npz,152746,304cb2fde17d2d9af677e930c7d5fa7593e131598b530124ffe36af54e13a1bb
preprocessing/wst_o2_i0.joblib,950,dd1d2822ebf232f5c192cb6fb87cb48819a7a33bda42ffb3745671319deea534
preprocessing/wst_o2_i0.npz,123082,223db87527d3c8cfaddb35c89e8f786229177cfd053e1bcf42c726b16e0c31ea
preprocessing/wst_o2_i1.joblib,959,2a7189180ee2e9af8624f00965ade5fceca597c50da2fe0a37f6f3caee0634bf
preprocessing/wst_o2_i1.npz,123025,82bc6670e2a8b9251df4025c6d13ba3cec68ec7f4d0481169461d45a243e3c8f
preprocessing/wst_o2_i2.joblib,959,caf59a012921682821242a1a6ede0129dfb4b6e1a8558a10641d725acdc7f6a3
preprocessing/wst_o2_i2.npz,123040,70d1fa5f16340298d2a5f97082aff2de0d65ab6f86cd2ee386b9af0cc3bd3a8e
preprocessing/wst_o2_iouter.joblib,961,6f83ea08c43456f028a54483381a31355bb380de8d852cc2696eddcb64cb594a
preprocessing/wst_o2_iouter.npz,152842,41fd4065f06775fddc14131f99e08ae7ee9994cb4d9546c7075147b2b78606c8
preprocessing/wst_o3_i0.joblib,960,6ad8556169bdbe985ffd3ac68c9f4d21783889b1abed6bed296af12817278637
preprocessing/wst_o3_i0.npz,123023,b826e17ac07afd58a68c229ab9afa61de5cd6f6241b249aae1398d6c6279b43c
preprocessing/wst_o3_i1.joblib,949,61bf2e0c528944c4a8ff8def7e675d6456b6d435cc0bde821e92344311552173
preprocessing/wst_o3_i1.npz,123034,3adbb0a48f8e6965c2ec516782dcf91dadc2e66ecb9a2ffe22ea900416b09266
preprocessing/wst_o3_i2.joblib,961,acd0e16413c1b7ee95c6707e5bbe1a9a0ee479b5c22fb5cbb0d85099cd3fe879
preprocessing/wst_o3_i2.npz,122974,0b6262dece554f7c906a98817b0fc107b3ebcf9ec75d787c268520e06391ef82
preprocessing/wst_o3_iouter.joblib,961,21a4650364e9f5bdeb06fbb2274a9115778560e609a912512a84fe84c3989c53
preprocessing/wst_o3_iouter.npz,152822,62b8012e6307e61f89872bdfc0c938be8f738aacc0f7416f0c69425b0b9e0246
preprocessing/wst_o4_i0.joblib,958,bde3e8e10365edda1340f651204c67dd58375de027d749840e21486faeffd82f
preprocessing/wst_o4_i0.npz,123060,ad97164e94e0fe9bd0b8bc4c8cef4c8d02a4403726b747c1c5f8394f93353be4
preprocessing/wst_o4_i1.joblib,956,1a6cd0e3e78ce361e9e67eb60d2a4ef8f6338b64e2551ca6a3719e5c4a8de7c2
preprocessing/wst_o4_i1.npz,122981,a0b9ec1f8b2f6d5088f86e49907ee0380ba0eb345b726d4c8259565fa1ae2565
preprocessing/wst_o4_i2.joblib,958,3d85f3689fbcceb14bfecf0f61ac468f60aa0b1daab569a539204bb9d9018007
preprocessing/wst_o4_i2.npz,123014,312fdc9299c65066a82d64a44d776255047f7d18ddf4703893c2df8f1d845937
preprocessing/wst_o4_iouter.joblib,951,59fcf050e2861b97873f2e5f389a634e34686129c1d4aaa00c9a3b69cee21a02
preprocessing/wst_o4_iouter.npz,152758,c54a3b8a7e273feef33ae1025733c27fe1d08099c0989a61ad60be4cac36f328
report.md,19129,02e29d53b8856a92e5966d63733a6313b16d658ccf287b5f8225349362419b21
reporting.log,1661,d67407fda59a494f27daa0332a9eab79903ec1187a4d3ee883d90faace4799b4
reporting_inputs.json,562,bf148bd88be1419a20c549005d7e49ee07ed8090f1621d4d1f4b96e953843a2a
reporting_source/scripts/archive_vqc_improvement.py,6935,b2e0ce0b953e289b901dc92de25d6f80d76c5117109e7babc75f1ee6f759688e
reporting_source/scripts/report_vqc_improvement.py,20452,4197062875a497d153bddd3c7ecdb2dc8d776ce2f4099ac50e26f2ca495178cb
run.log,12691,e1516c115f3368fb2a360c4f68a2c87bb7476ea04908fa24d445df285b27e3c1
selected.csv,691,ae87ec8cf913102e06a2ea9794309ec36ba6b5059a59b91af741ba63eb21c169
selection.json,2259,41dd5fa878c00fbd4d5af6a9d53435327b72a593ff5d559af930b54b0a147692
source_snapshot/architects/vqc_improvement_protocol.md,5317,cfc09befff39afa54b859e03988124f24fe423cadf783e9e31bccb48ea963d46
source_snapshot/ecgvmd/__init__.py,3491,3cce8d98353320d56897fc2cdef0dbb531c033edcf7b8a33db83fb434cc31443
source_snapshot/ecgvmd/config.py,3904,0e5ae80c6c91bee38b3e8ec522f4a552d9d3a0e1d5729f1ee617ea1ac52fa9f0
source_snapshot/ecgvmd/data.py,6734,ee16e893508110b733750fc8f9643a079952705e0ff61a279689f56fc330e5b5
source_snapshot/ecgvmd/evaluate.py,14298,cb4454b384336dbdba9630ffd41bc1e1e345cf1b9e9794b3a98ca80824833ed1
source_snapshot/ecgvmd/features.py,17598,f4335fcaef9123bee0d6f0845c6a26466562d7576a96cb7ff15f0289898e1fe2
source_snapshot/ecgvmd/quantum.py,26810,089b70ca430a7aaf1ef49058b2f663c96c54fc99f3d7ec0761de123040e24af3
source_snapshot/ecgvmd/reupload.py,10318,b1adea7570aa4a890daa3b40116d3a2e2db2f16fe180ef6b271a4928c764fef9
source_snapshot/ecgvmd/scatter.py,36559,5a4a25203df37abf74afb7768337775da36bbe26516f1ca9cf1741c03fa44a14
source_snapshot/ecgvmd/segment.py,6204,bf104ea1b5054499359ce8e72fda8092eb223db939b3318ec464a368441d9a3e
source_snapshot/ecgvmd/select.py,4183,35e34bf562b0fed1c9d415f47186e3c163f21af5af3b05ec57ffa5c1c3384c9c
source_snapshot/ecgvmd/vmd.py,13453,a4e0e3107c7136a8ee847f1137b66c6135b1887a0a4040332998f62ccca86c00
source_snapshot/requirements.txt,1137,39959fb456c77da89a5b8f327fc891686baeb80f1805b8a68a328c2b3c7bcebb
source_snapshot/scripts/improve_vqc.py,16980,ecab7688770e293aebbaeefa898cec51f5b307780f2a60028f5c005ed3db6264
source_snapshot/scripts/report_vqc_improvement.py,16181,a463ab128f63d0f299f4541549f0aa73d76b8378726b21be92fd05b20157af8c
started.json,76,b4e0c5f990666d671ecc852593b3bb8b8993c26a3ef75e776da2f9f016b57555
summary.csv,583,604aa54f20c955c5bdf9cd4635f1239310d8cca5612841b60a9770a0186b6791
training_fit.csv,4548,101dea0ab60446e93c12a093c6c32475b4d55794f02b7f5079feac008547a891
trial_ledger.csv,51707,c8886337e6f98950bc5b577d30b437afcd3f7392379b58c02811ff9a0ea2a22c
validation.json,619,e959d7df597b23c5163882b8befe4c4925cab66406ad02c000259e99074d393e
