model,accuracy,balanced_accuracy,macro_f1,weighted_f1,macro_sensitivity,macro_specificity,sens_ARR,spec_ARR,prec_ARR,f1_ARR,support_ARR,sens_CHF,spec_CHF,prec_CHF,f1_CHF,support_CHF,sens_NSR,spec_NSR,prec_NSR,f1_NSR,support_NSR,cm,patient_accuracy,patient_balanced_accuracy,patient_macro_f1,patient_macro_sensitivity,patient_macro_specificity,patient_cm,n_windows,fold
vmd_knn,0.7382352941176471,0.7241666666666666,0.7141320901320901,0.73967695050048,0.7241666666666666,0.8462454212454212,0.76,0.7285714285714285,0.8,0.7794871794871796,200,0.7,0.9178571428571428,0.6461538461538462,0.6719999999999999,60,0.7125,0.8923076923076924,0.6705882352941176,0.6909090909090909,80,"152,21,27;17,42,1;21,2,57",0.8125,0.7685185185185185,0.7973684210526315,0.7685185185185185,0.876984126984127,"8,0,1;1,2,0;1,0,3",340,0
vmd_knn,0.85,0.8212962962962962,0.8275931385687483,0.8485451286518361,0.8212962962962962,0.9105921855921856,0.8888888888888888,0.8285714285714286,0.8695652173913043,0.8791208791208792,180,0.7,0.9615384615384616,0.8076923076923077,0.75,60,0.875,0.9416666666666667,0.8333333333333334,0.8536585365853658,80,"160,10,10;14,42,4;10,0,70",0.9375,0.8888888888888888,0.9157894736842106,0.8888888888888888,0.9523809523809524,"9,0,0;1,2,0;0,0,4",320,1
vmd_knn,0.76875,0.7172222222222221,0.7164762299449411,0.7692459495194679,0.7172222222222221,0.8572649572649572,0.835,0.7333333333333333,0.8391959798994975,0.8370927318295739,200,0.6333333333333333,0.9384615384615385,0.7037037037037037,0.6666666666666667,60,0.6833333333333333,0.9,0.6119402985074627,0.6456692913385826,60,"167,12,21;17,38,5;15,4,41",0.8125,0.7444444444444445,0.7746031746031745,0.7444444444444445,0.8632478632478632,"9,0,1;1,2,0;1,0,2",320,2
vmd_knn,0.675,0.6055555555555555,0.625520375256523,0.6701489665787158,0.6055555555555555,0.8018467643467644,0.8,0.6071428571428571,0.7236180904522613,0.7598944591029024,180,0.4666666666666667,0.9692307692307692,0.7777777777777778,0.5833333333333334,60,0.55,0.8291666666666667,0.5176470588235295,0.5333333333333333,80,"144,6,30;21,28,11;34,2,44",0.625,0.4907407407407407,0.5202020202020202,0.4907407407407407,0.7341269841269841,"8,0,1;2,1,0;3,0,1",320,3
vmd_knn,0.6875,0.6194444444444445,0.6074422011596451,0.6833109232908394,0.6194444444444445,0.8089743589743589,0.775,0.65,0.7868020304568528,0.7808564231738037,200,0.36666666666666664,0.9192307692307692,0.5116279069767442,0.4271844660194174,60,0.7166666666666667,0.8576923076923076,0.5375,0.6142857142857143,60,"155,21,24;25,22,13;17,0,43",0.75,0.6333333333333333,0.6428571428571429,0.6333333333333333,0.8376068376068376,"9,0,1;1,1,1;1,0,2",320,4
vmd_original_seed0,0.6735294117647059,0.7083333333333334,0.658830378715105,0.6751789808579095,0.7083333333333334,0.8313186813186814,0.6,0.8071428571428572,0.8163265306122449,0.6916426512968299,200,0.65,0.8714285714285714,0.52,0.5777777777777778,60,0.875,0.8153846153846154,0.5932203389830508,0.707070707070707,80,"120,35,45;18,39,3;9,1,70",0.75,0.7777777777777777,0.7367724867724869,0.7777777777777777,0.8733211233211233,"6,2,1;1,2,0;0,0,4",340,0
vmd_original_seed0,0.7875,0.7912037037037036,0.7682213782082301,0.7917056642833369,0.7912037037037036,0.890018315018315,0.7777777777777778,0.8642857142857143,0.8805031446540881,0.8259587020648967,180,0.7833333333333333,0.8807692307692307,0.6025641025641025,0.6811594202898551,60,0.8125,0.925,0.7831325301204819,0.7975460122699387,80,"140,24,16;11,47,2;8,7,65",0.9375,0.8888888888888888,0.9157894736842106,0.8888888888888888,0.9523809523809524,"9,0,0;1,2,0;0,0,4",320,1
vmd_original_seed0,0.71875,0.7333333333333333,0.6799800331707004,0.7324887686585189,0.7333333333333333,0.8696581196581197,0.7,0.9166666666666666,0.9333333333333333,0.8,200,0.85,0.8,0.49514563106796117,0.6257668711656442,60,0.65,0.8923076923076924,0.582089552238806,0.6141732283464567,60,"140,37,23;4,51,5;6,15,39",0.8125,0.8222222222222223,0.7685185185185185,0.8222222222222223,0.923076923076923,"8,1,1;0,3,0;0,1,2",320,2
vmd_original_seed0,0.565625,0.5587962962962963,0.5402100345458885,0.5725880913728681,0.5587962962962963,0.7683455433455433,0.5722222222222222,0.6928571428571428,0.7054794520547946,0.6319018404907975,180,0.5166666666666667,0.8538461538461538,0.4492753623188406,0.4806201550387597,60,0.5875,0.7583333333333333,0.44761904761904764,0.508108108108108,80,"103,34,43;14,31,15;29,4,47",0.75,0.7314814814814815,0.7411764705882353,0.7314814814814815,0.8690476190476191,"7,0,2;0,2,1;1,0,3",320,3
vmd_original_seed0,0.64375,0.666111111111111,0.6150160850310775,0.6552137892092915,0.666111111111111,0.8164529914529915,0.615,0.7916666666666666,0.831081081081081,0.7068965517241379,200,0.7166666666666667,0.8038461538461539,0.4574468085106383,0.5584415584415584,60,0.6666666666666666,0.8538461538461538,0.5128205128205128,0.5797101449275363,60,"123,48,29;8,43,9;17,3,40",0.8125,0.8222222222222223,0.7886382623224728,0.8222222222222223,0.8931623931623932,"8,1,1;0,3,0;1,0,2",320,4
vmd_new_seed0,0.6323529411764706,0.7116666666666666,0.6283391173361962,0.6358786372761972,0.7116666666666666,0.8296703296703297,0.51,0.9,0.8793103448275862,0.6455696202531647,200,0.85,0.7928571428571428,0.46788990825688076,0.6035502958579883,60,0.775,0.7961538461538461,0.5391304347826087,0.635897435897436,80,"102,47,51;7,51,2;7,11,62",0.75,0.8518518518518517,0.7547619047619047,0.8518518518518517,0.8931623931623932,"5,2,2;0,3,0;0,0,4",340,0
vmd_new_seed0,0.75,0.7578703703703704,0.7329596162427489,0.7533624079651942,0.7578703703703704,0.870619658119658,0.7277777777777777,0.85,0.8618421052631579,0.7891566265060241,180,0.7333333333333333,0.9076923076923077,0.6470588235294118,0.6875,60,0.8125,0.8541666666666666,0.65,0.7222222222222223,80,"131,17,32;13,44,3;8,7,65",0.875,0.8518518518518517,0.8592592592592592,0.8518518518518517,0.9246031746031745,"8,0,1;1,2,0;0,0,4",320,1
vmd_new_seed0,0.703125,0.69,0.6565875653794356,0.7126547562071315,0.69,0.8438034188034188,0.72,0.8083333333333333,0.8622754491017964,0.784741144414169,200,0.7333333333333333,0.8423076923076923,0.5176470588235295,0.6068965517241379,60,0.6166666666666667,0.8807692307692307,0.5441176470588235,0.578125,60,"144,31,25;10,44,6;13,10,37",0.8125,0.8222222222222223,0.7886382623224728,0.8222222222222223,0.8931623931623932,"8,1,1;1,2,0;0,0,3",320,2
vmd_new_seed0,0.55625,0.5527777777777778,0.5287852613053386,0.5650852809864697,0.5527777777777778,0.769429181929182,0.55,0.7214285714285714,0.717391304347826,0.6226415094339623,180,0.48333333333333334,0.8076923076923077,0.3670886075949367,0.4172661870503597,60,0.625,0.7791666666666667,0.4854368932038835,0.5464480874316939,80,"99,43,38;16,29,15;23,7,50",0.625,0.6574074074074074,0.6126984126984127,0.6574074074074074,0.8177655677655679,"5,2,2;0,2,1;1,0,3",320,3
vmd_new_seed0,0.646875,0.6677777777777778,0.6173604738751696,0.6590468757501852,0.6677777777777778,0.8192307692307693,0.62,0.8,0.8378378378378378,0.7126436781609196,200,0.6333333333333333,0.8038461538461539,0.42696629213483145,0.5100671140939598,60,0.75,0.8538461538461538,0.5421686746987951,0.6293706293706293,60,"124,44,32;16,38,6;8,7,45",0.8125,0.8222222222222223,0.7886382623224728,0.8222222222222223,0.8931623931623932,"8,1,1;1,2,0;0,0,3",320,4
vmd_original_seed1,0.6235294117647059,0.6661111111111111,0.6079215767982368,0.6286075791487795,0.6661111111111111,0.81492673992674,0.54,0.8357142857142857,0.8244274809160306,0.6525679758308158,200,0.6333333333333333,0.8321428571428572,0.4470588235294118,0.5241379310344828,60,0.825,0.7769230769230769,0.532258064516129,0.6470588235294118,80,"108,42,50;14,38,8;9,5,66",0.625,0.7037037037037037,0.6233766233766234,0.7037037037037037,0.8177655677655679,"4,2,3;1,2,0;0,0,4",340,0
vmd_original_seed1,0.7125,0.7277777777777779,0.6951166845879707,0.7183572934282849,0.7277777777777779,0.8536782661782661,0.6833333333333333,0.8357142857142857,0.8424657534246576,0.7546012269938651,180,0.75,0.8461538461538461,0.5294117647058824,0.6206896551724139,60,0.75,0.8791666666666667,0.6741573033707865,0.7100591715976332,80,"123,33,24;10,45,5;13,7,60",0.875,0.9259259259259259,0.875,0.9259259259259259,0.9487179487179488,"7,2,0;0,3,0;0,0,4",320,1
vmd_original_seed1,0.7,0.6611111111111111,0.6444612771990689,0.7060958558590312,0.6611111111111111,0.8290598290598291,0.75,0.7333333333333333,0.8241758241758241,0.7853403141361257,200,0.6,0.8653846153846154,0.5070422535211268,0.549618320610687,60,0.6333333333333333,0.8884615384615384,0.5671641791044776,0.5984251968503937,60,"150,24,26;21,36,3;11,11,38",0.75,0.7111111111111111,0.6857142857142858,0.7111111111111111,0.8376068376068376,"8,1,1;2,1,0;0,0,3",320,2
vmd_original_seed1,0.61875,0.5439814814814815,0.5397752247752248,0.6097627372627372,0.5439814814814815,0.780540293040293,0.7277777777777777,0.6214285714285714,0.7119565217391305,0.7197802197802198,180,0.26666666666666666,0.9076923076923077,0.4,0.32,60,0.6375,0.8125,0.53125,0.5795454545454545,80,"131,19,30;29,16,15;24,5,51",0.75,0.6574074074074073,0.6833333333333332,0.6574074074074073,0.8293650793650794,"8,0,1;2,1,0;1,0,3",320,3
vmd_original_seed1,0.71875,0.7216666666666667,0.6828522944806968,0.7269126348234742,0.7216666666666667,0.8517094017094017,0.715,0.8166666666666667,0.8666666666666667,0.7835616438356166,200,0.65,0.8538461538461538,0.5064935064935064,0.5693430656934306,60,0.8,0.8846153846153846,0.6153846153846154,0.6956521739130435,60,"143,34,23;14,39,7;8,4,48",0.8125,0.8222222222222223,0.7886382623224728,0.8222222222222223,0.8931623931623932,"8,1,1;1,2,0;0,0,3",320,4
vmd_new_seed1,0.7058823529411765,0.7669444444444444,0.6978413129771117,0.7103793407077434,0.7669444444444444,0.8632783882783883,0.605,0.9214285714285714,0.9166666666666666,0.7289156626506025,200,0.8333333333333334,0.8607142857142858,0.5617977528089888,0.6711409395973154,60,0.8625,0.8076923076923077,0.5798319327731093,0.6934673366834172,80,"121,32,47;7,50,3;4,7,69",0.75,0.8518518518518517,0.7662337662337663,0.8518518518518517,0.8910256410256411,"5,1,3;0,3,0;0,0,4",340,0
vmd_new_seed1,0.80625,0.8074074074074074,0.7881435938922033,0.8073716250379208,0.8074074074074074,0.8972832722832722,0.7888888888888889,0.8642857142857143,0.8819875776397516,0.8328445747800586,180,0.7333333333333333,0.9192307692307692,0.676923076923077,0.7040000000000001,60,0.9,0.9083333333333333,0.7659574468085106,0.8275862068965516,80,"142,17,21;15,44,1;4,4,72",0.9375,0.8888888888888888,0.9157894736842106,0.8888888888888888,0.9523809523809524,"9,0,0;1,2,0;0,0,4",320,1
vmd_new_seed1,0.74375,0.7505555555555556,0.7038656362504825,0.7562185380379551,0.7505555555555556,0.8799145299145299,0.735,0.9166666666666666,0.9363057324840764,0.823529411764706,200,0.8,0.8307692307692308,0.5217391304347826,0.6315789473684211,60,0.7166666666666667,0.8923076923076924,0.6056338028169014,0.6564885496183206,60,"147,30,23;7,48,5;3,14,43",0.875,0.9333333333333332,0.8677248677248678,0.9333333333333332,0.9487179487179488,"8,1,1;0,3,0;0,0,3",320,2
vmd_new_seed1,0.61875,0.5907407407407407,0.5803619915307435,0.6226507022738332,0.5907407407407407,0.7928724053724054,0.6555555555555556,0.7071428571428572,0.7421383647798742,0.6961651917404129,180,0.4666666666666667,0.8923076923076924,0.5,0.4827586206896552,60,0.65,0.7791666666666667,0.49523809523809526,0.5621621621621622,80,"118,23,39;18,28,14;23,5,52",0.6875,0.6203703703703703,0.6148148148148148,0.6203703703703703,0.8235653235653236,"7,1,1;1,1,1;1,0,3",320,3
vmd_new_seed1,0.671875,0.6927777777777778,0.6388665883746847,0.6855907796601821,0.6927777777777778,0.839957264957265,0.645,0.8583333333333333,0.8835616438356164,0.7456647398843931,200,0.7166666666666667,0.8461538461538461,0.5180722891566265,0.6013986013986015,60,0.7166666666666667,0.8153846153846154,0.4725274725274725,0.5695364238410596,60,"129,35,36;5,43,12;12,5,43",0.6875,0.6777777777777777,0.6402116402116402,0.6777777777777777,0.8418803418803419,"7,2,1;0,2,1;1,0,2",320,4
vmd_original_seed2,0.7058823529411765,0.6980555555555555,0.6775579096766681,0.7099337468472976,0.6980555555555555,0.8363553113553114,0.715,0.75,0.8033707865168539,0.7566137566137566,200,0.6666666666666666,0.8821428571428571,0.547945205479452,0.6015037593984963,60,0.7125,0.8769230769230769,0.6404494382022472,0.6745562130177516,80,"143,29,28;16,40,4;19,4,57",0.8125,0.8425925925925926,0.8102240896358542,0.8425925925925926,0.8989621489621489,"7,1,1;0,3,0;1,0,3",340,0
vmd_original_seed2,0.7875,0.7842592592592593,0.7644042232277526,0.7902714932126697,0.7842592592592593,0.8887057387057387,0.7777777777777778,0.8571428571428571,0.875,0.823529411764706,180,0.7,0.8923076923076924,0.6,0.6461538461538462,60,0.875,0.9166666666666666,0.7777777777777778,0.823529411764706,80,"140,22,18;16,42,2;4,6,70",0.9375,0.8888888888888888,0.9157894736842106,0.8888888888888888,0.9523809523809524,"9,0,0;1,2,0;0,0,4",320,1
vmd_original_seed2,0.69375,0.6072222222222222,0.6076488881174069,0.6913682563898627,0.6072222222222222,0.8115384615384617,0.805,0.65,0.7931034482758621,0.7990074441687344,200,0.43333333333333335,0.9115384615384615,0.5306122448979592,0.47706422018348627,60,0.5833333333333334,0.8730769230769231,0.5147058823529411,0.5468749999999999,60,"161,13,26;27,26,7;15,10,35",0.75,0.6333333333333333,0.6412698412698412,0.6333333333333333,0.8376068376068376,"9,0,1;2,1,0;0,1,2",320,2
vmd_original_seed2,0.559375,0.5703703703703704,0.540636178891792,0.5661519917187016,0.5703703703703704,0.7720543345543346,0.5277777777777778,0.7357142857142858,0.7196969696969697,0.608974358974359,180,0.5333333333333333,0.8346153846153846,0.4266666666666667,0.4740740740740741,60,0.65,0.7458333333333333,0.46017699115044247,0.538860103626943,80,"95,37,48;15,32,13;22,6,52",0.8125,0.8888888888888888,0.8424242424242424,0.8888888888888888,0.9166666666666666,"6,0,3;0,3,0;0,0,4",320,3
vmd_original_seed2,0.690625,0.7222222222222223,0.664898183731519,0.7018150266198728,0.7222222222222223,0.8476495726495726,0.65,0.8583333333333333,0.8843537414965986,0.7492795389048991,200,0.6833333333333333,0.8923076923076924,0.5942028985507246,0.6356589147286822,60,0.8333333333333334,0.7923076923076923,0.4807692307692308,0.6097560975609756,60,"130,24,46;11,41,8;6,4,50",0.8125,0.8222222222222223,0.7973684210526315,0.8222222222222223,0.8931623931623932,"8,0,2;1,2,0;0,0,3",320,4
vmd_new_seed2,0.6411764705882353,0.6738888888888889,0.6256064949981149,0.6464903771024705,0.6738888888888889,0.8158424908424907,0.58,0.7928571428571428,0.8,0.672463768115942,200,0.6666666666666666,0.8392857142857143,0.47058823529411764,0.5517241379310345,60,0.775,0.8153846153846154,0.5636363636363636,0.6526315789473685,80,"116,40,44;16,40,4;13,5,62",0.6875,0.7407407407407408,0.6868686868686869,0.7407407407407408,0.8434065934065934,"5,1,3;1,2,0;0,0,4",340,0
vmd_new_seed2,0.796875,0.8041666666666667,0.7784449600735815,0.8004015505455915,0.8041666666666667,0.89751221001221,0.7833333333333333,0.8928571428571429,0.9038461538461539,0.8392857142857143,180,0.8166666666666667,0.9038461538461539,0.6621621621621622,0.7313432835820896,60,0.8125,0.8958333333333334,0.7222222222222222,0.7647058823529411,80,"141,20,19;5,49,6;10,5,65",1.0,1.0,1.0,1.0,1.0,"9,0,0;0,3,0;0,0,4",320,1
vmd_new_seed2,0.7375,0.7394444444444445,0.6985985121438528,0.7473005060561239,0.7394444444444445,0.8683760683760684,0.735,0.8666666666666667,0.901840490797546,0.8099173553719009,200,0.7333333333333333,0.8576923076923076,0.5432098765432098,0.624113475177305,60,0.75,0.8807692307692307,0.5921052631578947,0.6617647058823529,60,"147,30,23;8,44,8;8,7,45",0.8125,0.8222222222222223,0.7886382623224728,0.8222222222222223,0.8931623931623932,"8,1,1;1,2,0;0,0,3",320,2
vmd_new_seed2,0.546875,0.5537037037037037,0.5243523781903706,0.5583064754821285,0.5537037037037037,0.7701923076923077,0.5277777777777778,0.75,0.7307692307692307,0.6129032258064515,180,0.5333333333333333,0.7730769230769231,0.3516483516483517,0.423841059602649,60,0.6,0.7875,0.48484848484848486,0.536312849162011,80,"95,48,37;14,32,14;21,11,48",0.625,0.6574074074074074,0.621031746031746,0.6574074074074074,0.7979242979242979,"5,2,2;1,2,0;1,0,3",320,3
vmd_new_seed2,0.6375,0.6705555555555556,0.6110863922877271,0.6499860956618464,0.6705555555555556,0.8198717948717947,0.595,0.825,0.85,0.7,200,0.6833333333333333,0.8307692307692308,0.4823529411764706,0.5655172413793104,60,0.7333333333333333,0.8038461538461539,0.4631578947368421,0.567741935483871,60,"119,38,43;11,41,8;10,6,44",0.6875,0.8333333333333334,0.6944444444444443,0.8333333333333334,0.8717948717948718,"5,3,2;0,3,0;0,0,3",320,4
wst_knn,0.6911764705882353,0.6247222222222223,0.6247590592583679,0.6836697967650739,0.6247222222222223,0.811904761904762,0.77,0.6428571428571429,0.7549019607843137,0.7623762376237624,200,0.36666666666666664,0.9428571428571428,0.5789473684210527,0.44897959183673464,60,0.7375,0.85,0.6020408163265306,0.6629213483146067,80,"154,14,32;31,22,7;19,2,59",0.6875,0.6203703703703703,0.6345029239766081,0.6203703703703703,0.8015873015873015,"7,0,2;2,1,0;1,0,3",340,0
wst_knn,0.815625,0.7666666666666666,0.7862396502117074,0.8148135467577993,0.7666666666666666,0.8823870573870574,0.9,0.7285714285714285,0.81,0.8526315789473685,180,0.65,0.926923076923077,0.6724137931034483,0.6610169491525424,60,0.75,0.9916666666666667,0.967741935483871,0.8450704225352113,80,"162,17,1;20,39,1;18,2,60",0.9375,0.9166666666666666,0.9348370927318296,0.9166666666666666,0.9523809523809524,"9,0,0;0,3,0;1,0,3",320,1
wst_knn,0.7125,0.6911111111111111,0.6699055330634277,0.7176113360323887,0.6911111111111111,0.8341880341880342,0.74,0.7333333333333333,0.8222222222222222,0.7789473684210526,200,0.6,0.9192307692307692,0.631578947368421,0.6153846153846154,60,0.7333333333333333,0.85,0.5301204819277109,0.6153846153846154,60,"148,15,37;22,36,2;10,6,44",0.875,0.8555555555555555,0.8523809523809525,0.8555555555555555,0.9188034188034188,"9,0,1;1,2,0;0,0,3",320,2
wst_knn,0.6,0.5050925925925926,0.5012489370653688,0.5790010699071264,0.5050925925925926,0.7562576312576312,0.7444444444444445,0.5142857142857142,0.6633663366336634,0.7015706806282722,180,0.18333333333333332,0.9461538461538461,0.44,0.25882352941176473,60,0.5875,0.8083333333333333,0.5053763440860215,0.5433526011560694,80,"134,13,33;36,11,13;32,1,47",0.8125,0.6944444444444443,0.7380952380952381,0.6944444444444443,0.8571428571428571,"9,0,0;2,1,0;1,0,3",320,3
wst_knn,0.725,0.6433333333333334,0.6461800960331195,0.7109643422961417,0.6433333333333334,0.8094017094017093,0.83,0.5666666666666667,0.7614678899082569,0.7942583732057417,200,0.3333333333333333,0.9461538461538461,0.5882352941176471,0.42553191489361697,60,0.7666666666666667,0.9153846153846154,0.6764705882352942,0.71875,60,"166,14,20;38,20,2;14,0,46",0.8125,0.7444444444444445,0.7380952380952381,0.7444444444444445,0.8632478632478632,"9,0,1;2,1,0;0,0,3",320,4
wst_original_seed0,0.6941176470588235,0.65,0.6451903060567391,0.6944232332427206,0.65,0.8217948717948719,0.75,0.6928571428571428,0.7772020725388601,0.7633587786259541,200,0.5,0.9071428571428571,0.5357142857142857,0.5172413793103449,60,0.7,0.8653846153846154,0.6153846153846154,0.6549707602339182,80,"150,22,28;23,30,7;20,4,56",0.8125,0.7685185185185185,0.7973684210526315,0.7685185185185185,0.876984126984127,"8,0,1;1,2,0;1,0,3",340,0
wst_original_seed0,0.70625,0.7412037037037038,0.6954478301324695,0.7156385784540336,0.7412037037037038,0.8583485958485958,0.6444444444444445,0.8785714285714286,0.8721804511278195,0.7412140575079872,180,0.8166666666666667,0.7923076923076923,0.47572815533980584,0.6012269938650308,60,0.7625,0.9041666666666667,0.7261904761904762,0.7439024390243903,80,"116,47,17;5,49,6;12,7,61",0.9375,0.9629629629629629,0.9327731092436974,0.9629629629629629,0.9743589743589745,"8,1,0;0,3,0;0,0,4",320,1
wst_original_seed0,0.64375,0.6972222222222223,0.6259450488659414,0.6570183324113344,0.6972222222222223,0.8314102564102565,0.575,0.875,0.8846153846153846,0.696969696969697,200,0.7,0.8692307692307693,0.5526315789473685,0.6176470588235295,60,0.8166666666666667,0.75,0.4298245614035088,0.5632183908045977,60,"115,28,57;10,42,8;5,6,49",0.75,0.7888888888888889,0.7481481481481481,0.7888888888888889,0.8675213675213675,"7,0,3;1,2,0;0,0,3",320,2
wst_original_seed0,0.5375,0.49444444444444446,0.4795651473166549,0.53838115714731,0.49444444444444446,0.7473443223443224,0.5833333333333334,0.6285714285714286,0.6687898089171974,0.6231454005934719,180,0.25,0.8384615384615385,0.2631578947368421,0.25641025641025644,60,0.65,0.775,0.49056603773584906,0.5591397849462365,80,"105,35,40;31,15,14;21,7,52",0.6875,0.6666666666666666,0.6352941176470589,0.6666666666666666,0.8235653235653236,"6,1,2;2,1,0;0,0,4",320,3
wst_original_seed0,0.646875,0.7066666666666667,0.6312208141018639,0.655513515161214,0.7066666666666667,0.8282051282051283,0.57,0.85,0.8636363636363636,0.6867469879518072,200,0.6833333333333333,0.8,0.44086021505376344,0.5359477124183006,60,0.8666666666666667,0.8346153846153846,0.5473684210526316,0.6709677419354839,60,"114,47,39;15,41,4;3,5,52",0.8125,0.9,0.8102240896358542,0.9,0.923076923076923,"7,2,1;0,3,0;0,0,3",320,4
wst_new_seed0,0.6529411764705882,0.635,0.608067237312961,0.6602588403250211,0.635,0.817857142857143,0.655,0.7714285714285715,0.803680981595092,0.7217630853994491,200,0.45,0.8321428571428572,0.36486486486486486,0.4029850746268656,60,0.8,0.85,0.6213592233009708,0.6994535519125683,80,"131,38,31;25,27,8;7,9,64",0.6875,0.6666666666666666,0.6388888888888888,0.6666666666666666,0.8412698412698413,"6,0,3;1,1,1;0,0,4",340,0
wst_new_seed0,0.721875,0.7462962962962963,0.7111656144696763,0.7292030053330125,0.7462962962962963,0.858592796092796,0.6722222222222223,0.8357142857142857,0.8402777777777778,0.7469135802469136,180,0.7666666666666667,0.8192307692307692,0.4946236559139785,0.6013071895424837,60,0.8,0.9208333333333333,0.7710843373493976,0.7852760736196319,80,"121,43,16;11,46,3;12,4,64",0.875,0.9259259259259259,0.8736772486772487,0.9259259259259259,0.9465811965811967,"7,1,1;0,3,0;0,0,4",320,1
wst_new_seed0,0.65625,0.6805555555555555,0.6330515812499722,0.666815946271291,0.6805555555555555,0.8185897435897437,0.625,0.775,0.8223684210526315,0.7102272727272727,200,0.6666666666666666,0.8961538461538462,0.5970149253731343,0.6299212598425197,60,0.75,0.7846153846153846,0.44554455445544555,0.5590062111801243,60,"125,25,50;14,40,6;13,2,45",0.75,0.7111111111111111,0.7238095238095239,0.7111111111111111,0.8376068376068376,"8,0,2;1,2,0;1,0,2",320,2
wst_new_seed0,0.503125,0.4902777777777778,0.45659224145392513,0.5016739834482802,0.4902777777777778,0.7414529914529914,0.48333333333333334,0.7,0.6744186046511628,0.5631067961165049,180,0.25,0.8576923076923076,0.28846153846153844,0.26785714285714285,60,0.7375,0.6666666666666666,0.4244604316546763,0.5388127853881278,80,"87,33,60;25,15,20;17,4,59",0.625,0.6296296296296297,0.5777777777777778,0.6296296296296297,0.8156288156288155,"5,1,3;1,1,1;0,0,4",320,3
wst_new_seed0,0.703125,0.7055555555555554,0.6718333312466352,0.7080949280715153,0.7055555555555554,0.8318376068376069,0.7,0.7416666666666667,0.8187134502923976,0.7547169811320755,200,0.6,0.8615384615384616,0.5,0.5454545454545454,60,0.8166666666666667,0.8923076923076924,0.6363636363636364,0.7153284671532846,60,"140,35,25;21,36,3;10,1,49",0.8125,0.8222222222222223,0.7886382623224728,0.8222222222222223,0.8931623931623932,"8,1,1;1,2,0;0,0,3",320,4
wst_original_seed1,0.6911764705882353,0.6491666666666667,0.639656906667216,0.6900803259808717,0.6491666666666667,0.8224358974358975,0.735,0.7071428571428572,0.7819148936170213,0.7577319587628866,200,0.45,0.9178571428571428,0.54,0.49090909090909096,60,0.7625,0.8423076923076923,0.5980392156862745,0.6703296703296703,80,"147,21,32;24,27,9;17,2,61",0.6875,0.6203703703703703,0.6259259259259259,0.6203703703703703,0.8214285714285715,"7,0,2;1,1,1;1,0,3",340,0
wst_original_seed1,0.6625,0.7328703703703704,0.6629030559756816,0.6698659859693379,0.7328703703703704,0.8464590964590964,0.5277777777777778,0.9214285714285714,0.8962264150943396,0.6643356643356644,180,0.8333333333333334,0.7346153846153847,0.42016806722689076,0.558659217877095,60,0.8375,0.8833333333333333,0.7052631578947368,0.7657142857142857,80,"95,64,21;3,50,7;8,5,67",0.75,0.8518518518518517,0.7566137566137566,0.8518518518518517,0.8952991452991452,"5,3,1;0,3,0;0,0,4",320,1
wst_original_seed1,0.64375,0.6466666666666666,0.6059818471962866,0.655471530620945,0.6466666666666666,0.8119658119658121,0.64,0.7666666666666667,0.8205128205128205,0.7191011235955057,200,0.6666666666666666,0.8423076923076923,0.49382716049382713,0.5673758865248227,60,0.6333333333333333,0.8269230769230769,0.4578313253012048,0.5314685314685315,60,"128,31,41;16,40,4;12,10,38",0.75,0.7888888888888889,0.7314814814814815,0.7888888888888889,0.8675213675213675,"7,1,2;1,2,0;0,0,3",320,2
wst_original_seed1,0.5125,0.47453703703703703,0.45552757005031624,0.512125008655311,0.47453703703703703,0.7343559218559218,0.5444444444444444,0.6142857142857143,0.6447368421052632,0.5903614457831324,180,0.21666666666666667,0.8346153846153846,0.23214285714285715,0.22413793103448276,60,0.6625,0.7541666666666667,0.4732142857142857,0.5520833333333334,80,"98,39,43;31,13,16;23,4,53",0.75,0.6574074074074073,0.6857142857142858,0.6574074074074073,0.8315018315018315,"8,1,0;2,1,0;1,0,3",320,3
wst_original_seed1,0.684375,0.7305555555555555,0.6664858757781033,0.6937758561455913,0.7305555555555555,0.8435897435897436,0.625,0.85,0.8741258741258742,0.728862973760933,200,0.7666666666666667,0.8076923076923077,0.4791666666666667,0.5897435897435898,60,0.8,0.8730769230769231,0.5925925925925926,0.6808510638297872,60,"125,44,31;12,46,2;6,6,48",0.8125,0.9,0.8102240896358542,0.9,0.923076923076923,"7,2,1;0,3,0;0,0,3",320,4
wst_new_seed1,0.6205882352941177,0.6202777777777778,0.5826401067194268,0.6229596654525833,0.6202777777777778,0.7998168498168498,0.59,0.75,0.7712418300653595,0.6685552407932012,200,0.43333333333333335,0.8571428571428571,0.3939393939393939,0.4126984126984127,60,0.8375,0.7923076923076923,0.5537190082644629,0.6666666666666667,80,"118,38,44;24,26,10;11,2,67",0.6875,0.6666666666666666,0.6388888888888888,0.6666666666666666,0.8412698412698413,"6,0,3;1,1,1;0,0,4",340,0
wst_new_seed1,0.678125,0.7185185185185184,0.6756274388477372,0.6912892674604508,0.7185185185185184,0.8421703296703297,0.6055555555555555,0.8428571428571429,0.8320610687022901,0.7009646302250804,180,0.8,0.7461538461538462,0.42105263157894735,0.5517241379310345,60,0.75,0.9375,0.8,0.7741935483870969,80,"109,58,13;10,48,2;12,8,60",0.9375,0.9629629629629629,0.9327731092436974,0.9629629629629629,0.9743589743589745,"8,1,0;0,3,0;0,0,4",320,1
wst_new_seed1,0.671875,0.6966666666666667,0.6439872254294645,0.6822428143040737,0.6966666666666667,0.8324786324786325,0.64,0.8166666666666667,0.8533333333333334,0.7314285714285714,200,0.7166666666666667,0.8538461538461538,0.5308641975308642,0.6099290780141844,60,0.7333333333333333,0.8269230769230769,0.4943820224719101,0.5906040268456376,60,"128,31,41;13,43,4;9,7,44",0.8125,0.8222222222222223,0.7973684210526315,0.8222222222222223,0.8931623931623932,"8,0,2;1,2,0;0,0,3",320,2
wst_new_seed1,0.51875,0.4842592592592592,0.46268738468947374,0.5182666177314372,0.4842592592592592,0.7406746031746031,0.5444444444444444,0.6428571428571429,0.6621621621621622,0.5975609756097561,180,0.23333333333333334,0.85,0.2641509433962264,0.24778761061946902,60,0.675,0.7291666666666666,0.453781512605042,0.542713567839196,80,"98,33,49;30,14,16;20,6,54",0.6875,0.6666666666666666,0.6352941176470589,0.6666666666666666,0.8235653235653236,"6,1,2;2,1,0;0,0,4",320,3
wst_new_seed1,0.65625,0.6455555555555555,0.6156034539078914,0.6597796166199803,0.6455555555555555,0.7991452991452991,0.67,0.6666666666666666,0.7701149425287356,0.716577540106952,200,0.45,0.8461538461538461,0.40298507462686567,0.4251968503937008,60,0.8166666666666667,0.8846153846153846,0.620253164556962,0.7050359712230216,60,"134,37,29;32,27,1;8,3,49",0.75,0.7111111111111111,0.6857142857142858,0.7111111111111111,0.8376068376068376,"8,1,1;2,1,0;0,0,3",320,4
wst_original_seed2,0.6852941176470588,0.6644444444444445,0.6375088656495692,0.6838165389746825,0.6644444444444445,0.8288461538461537,0.685,0.7642857142857142,0.8058823529411765,0.7405405405405406,200,0.43333333333333335,0.9107142857142857,0.5098039215686274,0.46846846846846846,60,0.875,0.8115384615384615,0.5882352941176471,0.7035175879396985,80,"137,23,40;25,26,9;8,2,70",0.6875,0.6666666666666666,0.6388888888888888,0.6666666666666666,0.8412698412698413,"6,0,3;1,1,1;0,0,4",340,0
wst_original_seed2,0.6875,0.7328703703703704,0.6783512149824725,0.6916132045610022,0.7328703703703704,0.8508241758241759,0.5944444444444444,0.8928571428571429,0.8770491803278688,0.7086092715231788,180,0.7666666666666667,0.8346153846153846,0.5168539325842697,0.6174496644295303,60,0.8375,0.825,0.6146788990825688,0.708994708994709,80,"107,41,32;4,46,10;11,2,67",0.875,0.9259259259259259,0.8736772486772487,0.9259259259259259,0.9465811965811967,"7,1,1;0,3,0;0,0,4",320,1
wst_original_seed2,0.690625,0.6911111111111111,0.6570019841543919,0.6985826896563279,0.6911111111111111,0.8297008547008548,0.69,0.7583333333333333,0.8263473053892215,0.752043596730245,200,0.6666666666666666,0.8961538461538462,0.5970149253731343,0.6299212598425197,60,0.7166666666666667,0.8346153846153846,0.5,0.5890410958904109,60,"138,23,39;16,40,4;13,4,43",0.875,0.8555555555555555,0.8523809523809525,0.8555555555555555,0.9188034188034188,"9,0,1;1,2,0;0,0,3",320,2
wst_original_seed2,0.5625,0.5092592592592592,0.48212008236944426,0.5481468405994484,0.5092592592592592,0.7545482295482295,0.6111111111111112,0.6142857142857143,0.6707317073170732,0.6395348837209301,180,0.16666666666666666,0.9076923076923077,0.29411764705882354,0.21276595744680848,60,0.75,0.7416666666666667,0.4918032786885246,0.5940594059405939,80,"110,21,49;37,10,13;17,3,60",0.8125,0.7407407407407408,0.7436647173489278,0.7407407407407408,0.876984126984127,"8,0,1;2,1,0;0,0,4",320,3
wst_original_seed2,0.6625,0.6994444444444444,0.6370934998715957,0.6694200069725703,0.6994444444444444,0.827136752136752,0.615,0.8083333333333333,0.8424657534246576,0.7109826589595376,200,0.6,0.8461538461538461,0.47368421052631576,0.5294117647058824,60,0.8833333333333333,0.8269230769230769,0.5408163265306123,0.6708860759493671,60,"123,36,41;20,36,4;3,4,53",0.75,0.7888888888888889,0.7354497354497355,0.7888888888888889,0.8675213675213675,"7,2,1;1,2,0;0,0,3",320,4
wst_new_seed2,0.5794117647058824,0.5702777777777778,0.5373653506986841,0.5871723048193636,0.5702777777777778,0.7807692307692308,0.565,0.7357142857142858,0.7533333333333333,0.6457142857142856,200,0.38333333333333336,0.8142857142857143,0.30666666666666664,0.34074074074074073,60,0.7625,0.7923076923076923,0.5304347826086957,0.6256410256410256,80,"113,46,41;24,23,13;13,6,61",0.625,0.5833333333333334,0.5837789661319074,0.5833333333333334,0.7936507936507936,"6,0,3;1,1,1;1,0,3",340,0
wst_new_seed2,0.659375,0.7069444444444445,0.6583856126165518,0.6691798719108848,0.7069444444444445,0.8327380952380953,0.5666666666666667,0.8357142857142857,0.816,0.6688524590163933,180,0.7666666666666667,0.75,0.4144144144144144,0.5380116959064327,60,0.7875,0.9125,0.75,0.7682926829268292,80,"102,59,19;12,46,2;11,6,63",0.875,0.9259259259259259,0.875,0.9259259259259259,0.9487179487179488,"7,2,0;0,3,0;0,0,4",320,1
wst_new_seed2,0.640625,0.6644444444444444,0.6095558945673362,0.6550096936181032,0.6644444444444444,0.8226495726495727,0.61,0.8333333333333334,0.8591549295774648,0.7134502923976608,200,0.65,0.85,0.5,0.5652173913043479,60,0.7333333333333333,0.7846153846153846,0.44,0.5499999999999999,60,"122,28,50;15,39,6;5,11,44",0.8125,0.8222222222222223,0.7973684210526315,0.8222222222222223,0.8931623931623932,"8,0,2;1,2,0;0,0,3",320,2
wst_new_seed2,0.515625,0.49259259259259264,0.47221686488803166,0.5195435551269688,0.49259259259259264,0.7418040293040292,0.5277777777777778,0.6571428571428571,0.6643356643356644,0.588235294117647,180,0.3,0.8307692307692308,0.2903225806451613,0.29508196721311475,60,0.65,0.7375,0.45217391304347826,0.5333333333333333,80,"95,36,49;28,18,14;20,8,52",0.6875,0.6666666666666666,0.6352941176470589,0.6666666666666666,0.8235653235653236,"6,1,2;2,1,0;0,0,4",320,3
wst_new_seed2,0.68125,0.6861111111111112,0.6477217925641915,0.687089409956702,0.6861111111111112,0.8228632478632479,0.675,0.7416666666666667,0.8132530120481928,0.7377049180327869,200,0.55,0.8461538461538461,0.4520547945205479,0.49624060150375937,60,0.8333333333333334,0.8807692307692307,0.6172839506172839,0.7092198581560284,60,"135,36,29;25,33,2;6,4,50",0.75,0.7111111111111111,0.6857142857142858,0.7111111111111111,0.8376068376068376,"8,1,1;2,1,0;0,0,3",320,4
