path,bytes,sha256
completed.json,2263,725ba3d85887659adbc444ba96b90d0e0f2a0d554b6c01d1fa8f2115ba30d027
logistic_fold0/completed.json,307,c51b3399f6151f14e8bb066f37c83ce5cf19f17ebeb1c033d1fc550066ccac58
logistic_fold0/fit.json,15290,6b93f6f1d9316e0a69e92568f27f3966b78193d2572887f9dc8194d45b96fd75
logistic_fold0/model.joblib,2565,15c32cb8a2e8ed30daa89381d2a675810503ce072bec961aff9e2f1c5d46dbed
logistic_fold0/predictions.npz,5784,f6a197fb67c1e2bf21bb98e45ef0ad85ba17a0485d692b2b3d76d09135736105
logistic_fold1/completed.json,307,64a7ced173907bf7ba495b2f81e820695c6baa541024399724dc31a128d44189
logistic_fold1/fit.json,15288,9c5d4a731f59cd083a0446d1d92c2beb0e39cbe7c82156dafd3e364a0e35268b
logistic_fold1/model.joblib,2565,c19362926e2ce29d6d4c9c9e50e6892460c37c8a833e9ea0d029897c53924a36
logistic_fold1/predictions.npz,5477,d5bc494926b309225d98dbd7c5da8edcac3c9d4113d536f2578990952110e60e
logistic_fold2/completed.json,307,89bbf11d9fdca943d6a8227601dc30bf009c2b19bed800ecde2dd399755705ad
logistic_fold2/fit.json,15290,bf92119a5c81d0283736323e06cc1725e2750f210854fa80aa511260037466b7
logistic_fold2/model.joblib,2565,ca090086a3636fa107392fb038400c86faaa2515446aa26d749c12828afe97fd
logistic_fold2/predictions.npz,5545,cceb13277020bb4f4bf321ddb7f36082b80414941e5047121862280a74c6ba95
logistic_fold3/completed.json,307,4fb8532330b84613a8ca8b7d75164e6563123a7154d0ed0ff21b5ae939b01e80
logistic_fold3/fit.json,15290,ffaed47b94b92573c619f3e01a8a97628af30c1295611bcdc4836352fe7aac58
logistic_fold3/model.joblib,2565,aaff9af745e660404cb1bd9eb91caf3324f39231526098d3e1feec8d8ab12525
logistic_fold3/predictions.npz,5507,d88d469478544c66107b9a6e0ee2dfc3c64e307f254c68804a703cb177b52e49
logistic_fold4/completed.json,307,af8678241d58eb1bb40f0b9089edcc6d16d624c7a0d9f56e3a76f916092bfd8c
logistic_fold4/fit.json,15289,c91bac31f84d84fc6f55eda56cc36679ee3a33935beb9e86b019c171ca96dad3
logistic_fold4/model.joblib,2565,cffd5ebebb9ff6bc4b825a0227d7103032b5a7f8b546918ef65e74fe3507ef4c
logistic_fold4/predictions.npz,5537,f8ec2fb9e040c713cc0c953929ab61e71eb4e747419b3ef69c8332c685755fb0
manifest.json,3144,ee4cd2fc8ab7dedffd95a71db1bf17dec10ea4d20c3f4fe76bbbc09d07c67194
report.json,26658,c0814112c12dd5001844f20391f72e814906aee312e190e0502ccb7f39ee18bc
status.json,43,dce890e28a0d1cc2c8d9c7143a4502ef7622024375641aa5bba99db6bc8ff454
swin_seed0_fold0/checkpoint.json,98,bdd62bc0565c232d4c16b2bd21d6a6d263325b99537b2ec3c4d634074082f3e5
swin_seed0_fold0/checkpoint.pt,487635,c7355aa0c53a0ecf6e0debcbe5bfeef32285d7d12d95f8488c3ac68ad7a438d1
swin_seed0_fold0/completed.json,580,49fbee2b0dfb75ff0d95139c61e42336ecdd2d66dab7f783bca33d6a63a48ad2
swin_seed0_fold0/fit.json,15600,4a313656a6b6cab72442dc09a64a6dcaeff15915e1aac3b6b84d99268c1866eb
swin_seed0_fold0/history.json,5057,443edf3698404c4bb64ba5b504b28fc649082bd4a9637d70b92bc98c79d9465e
swin_seed0_fold0/predictions.npz,5481,c6345c4dab98659ab472856e3607032498f1c1ad168c3d2e629aa59021e5aa96
swin_seed0_fold0/preprocessing.npz,3640,0d54b97fa35002354a83679bd20a4ce959d5cd02c272097133bd3f1b5e3ad40a
swin_seed0_fold1/checkpoint.json,98,2364e9ba5dde843c9bb30c8aeab3cbef080af4b0f2a60fd6c08410493163c7a9
swin_seed0_fold1/checkpoint.pt,487635,07ea2291411ff96e7df8b6756c9903bbca91c900894ceea25af559e8f6c939ba
swin_seed0_fold1/completed.json,580,89a2edd7572f6664332429c0adaf5da2fe343956caf5bd286e4d4ed1daddd50a
swin_seed0_fold1/fit.json,15601,96ed99091234fcd3d6bb025480fcb1b626ab74bef3ebf690942f488dce23429e
swin_seed0_fold1/history.json,5067,9c06e97dfb3871ac37da00655663bc7b2a983127cb4ac95e2dce8018df280e2a
swin_seed0_fold1/predictions.npz,5175,b60855eaec718ce54f18eeee4aeae4e863a646b8e4f7b20c57ba8a84839c6a47
swin_seed0_fold1/preprocessing.npz,3625,f7412844b1f22a7a2c0eecc618d9633147ab74508e650aff512c058283106034
swin_seed0_fold2/checkpoint.json,98,0b68c391ccb723301d1ec4b3269e2dff6e3b002c44074847a4d1aba88beeb0ac
swin_seed0_fold2/checkpoint.pt,487635,cd838b3beb1cfff1d7ac06377e21ae9625a4559ed6dc8229d5492f3309c583ba
swin_seed0_fold2/completed.json,580,fa1fe8be166b7862969aa81daf10962f0dcc0a1326d67181d45d77324c75750a
swin_seed0_fold2/fit.json,15601,e45ed173201e6a66e4a58077aad9194024137a798044836d98db468c76a6993e
swin_seed0_fold2/history.json,5065,7fac2f3608b1cdec72d012114e24e3c0e533f8b53277b1bde0f20e541fc8a7d2
swin_seed0_fold2/predictions.npz,5297,e070c53712572162a888fc26fa1a490e918e6c6460a355758ff6fec10a7cb442
swin_seed0_fold2/preprocessing.npz,3644,904023214529a3cc3c227d8632782f9b1072697e49e52c132ea90c8ab8bc3e60
swin_seed0_fold3/checkpoint.json,98,b976c996f24691dcdd8584541ef8446e3f32de1b7898a0bf4a088eee49a2c011
swin_seed0_fold3/checkpoint.pt,487635,4499ca26f6751a8077ffbf9f685e719692055ae852e177ef288698d4ed2d3ba6
swin_seed0_fold3/completed.json,580,7acf050495bb635c7f74143d62a913b90e6d63f3bfeab07defd864f5e6110743
swin_seed0_fold3/fit.json,15601,e70265da9417da3ed45eaec2c11d490cbbab4f4e363054bf8e3604b0f24a6133
swin_seed0_fold3/history.json,5068,2981d0f8b5005e6467ba7f67624444f63f7b428a9cab3c08827f1831763c2d29
swin_seed0_fold3/predictions.npz,5315,19e6618be0223855014157a3460e930837ee165a7d89179e03023f203fe47fd9
swin_seed0_fold3/preprocessing.npz,3635,05fc990e8e3e0c1d9b8a9c3313d99a9e02fc4a15d44ff566fb4846d4a2cd19ca
swin_seed0_fold4/checkpoint.json,98,50856933b32ac3a5d5d68db6294e17367c675bf241a111f4b816a915c5fd76ce
swin_seed0_fold4/checkpoint.pt,487635,de8fd44ca659997f292ecfb104348d29f89d68460d2c1bd1567d78b10240906d
swin_seed0_fold4/completed.json,580,722617ef693b427812aee0ff2935af680566c797d5c609f092da3b91685ad5b1
swin_seed0_fold4/fit.json,15601,8f45b802c72cadde2c59222f79bccdcd0ed9bfb4afefe526698630fc70a5ba00
swin_seed0_fold4/history.json,5060,544835d0b81d70d412f9ce24de92ff1a84c02856ee75140807b117dbab446dd8
swin_seed0_fold4/predictions.npz,5260,5bcc463ddcdbad1f6efe3b8ceceb6458d4e1718ff0be88e6ad75171dc80872b6
swin_seed0_fold4/preprocessing.npz,3643,3bb27f2b93e2ee9c37b6a549898d2cdf36bf95ba014de075828100b584004ee0
swin_seed1_fold0/checkpoint.json,98,2fcab42ede12fa6b6640375031a79dac8d8dc098a68eb8bc8fbd2d877370aa91
swin_seed1_fold0/checkpoint.pt,487635,c746bd66825f256ef4db12f57d71df68bba834378a361fb9a04b630c686fb5ce
swin_seed1_fold0/completed.json,580,c2010f5f410a60204da32e1bb865a170abab45f44246edf38cbe684443da88cf
swin_seed1_fold0/fit.json,15601,c86699858d0aa08c5696ed8a3c1e445b7472079df00c33bd90fa879af5ad0d9a
swin_seed1_fold0/history.json,5060,25f98751997c9875d2d3007293f765dc409c83f9986712f6e0102af44cac703e
swin_seed1_fold0/predictions.npz,5480,e05a30ec69be71caa0a8d946e05e8989924600811a8af5e2dd77c92862e4ce37
swin_seed1_fold0/preprocessing.npz,3640,0d54b97fa35002354a83679bd20a4ce959d5cd02c272097133bd3f1b5e3ad40a
swin_seed1_fold1/checkpoint.json,98,104f01421f1f4dc91b1d694be5261b43fc3832fe4209e3f2d08bb70ffc6999a9
swin_seed1_fold1/checkpoint.pt,487635,bc255ee43b3c1ae0c7c8ef77f408726ec4160570162b4c17c4018588cf5ebe43
swin_seed1_fold1/completed.json,580,2dbf7c540d98f64d05a36e68c74c06647adc6fe51e02e3ea57430ba8fab71e05
swin_seed1_fold1/fit.json,15601,e9589986b2aef1e40c54013d0dbae9c68a32843038e790d3b3f70c91cff36637
swin_seed1_fold1/history.json,5060,adcbc1c4554bde50632bbef1ae12f1b89f8639e7b2403c5191b680fcb2528724
swin_seed1_fold1/predictions.npz,5223,bcdc53a2e93b5bffca35298cdb1d78699b7d8576c37a9613d147a68f0402db27
swin_seed1_fold1/preprocessing.npz,3625,f7412844b1f22a7a2c0eecc618d9633147ab74508e650aff512c058283106034
swin_seed1_fold2/checkpoint.json,98,6e8edee1cb141e9f4ef4b0d2b235c30940351e584f7034518bb2cd8f11d61810
swin_seed1_fold2/checkpoint.pt,487635,c2c6f20a9a6db06f42a39f2f34699f3f3854923b3e5fe0ee2e55839e67303ce6
swin_seed1_fold2/completed.json,580,03171c95969beca14f214be7bf4ace41cca1d06cb3836b71f566cfd7857ab657
swin_seed1_fold2/fit.json,15601,0393cdf7a2f3f71f81d81236fb99eb746ec4b20aaab00b446a9021ace6496b8f
swin_seed1_fold2/history.json,5057,b4a5182ec5f49d7e9da82880f313c5b9a5ff1db842884e0a265430b678bc9364
swin_seed1_fold2/predictions.npz,5303,277f980115f61d33f7bb0147090a33e43b42ee776a5df7f0d5c83391933f0204
swin_seed1_fold2/preprocessing.npz,3644,904023214529a3cc3c227d8632782f9b1072697e49e52c132ea90c8ab8bc3e60
swin_seed1_fold3/checkpoint.json,98,2fcb4c32539ad1394c72753d6cf8de30dc9daf73cb15a31fd6e34313391740f0
swin_seed1_fold3/checkpoint.pt,487635,f7361953430a3e1b1e7371ad9366d98024965655c6b526c0d140398da0da2014
swin_seed1_fold3/completed.json,580,5e4f86e692787b6c131bd1ea327bb030e6361deb8603b645a5ff13c44c8485af
swin_seed1_fold3/fit.json,15601,ef9058786659f75696a00193da957f20f5a4aa94a1dfc43e1807055ecfb71471
swin_seed1_fold3/history.json,5069,1fc6b12c87d90cb6ec577490aab3efb51c793af6cba50f83e6a1ff6c08a58158
swin_seed1_fold3/predictions.npz,5284,05685718156434e689b205c0ac12ee90c8c05facf1d2e8a2b51f370cf0bd67b8
swin_seed1_fold3/preprocessing.npz,3635,05fc990e8e3e0c1d9b8a9c3313d99a9e02fc4a15d44ff566fb4846d4a2cd19ca
swin_seed1_fold4/checkpoint.json,98,4b262ea327a3add990d834abb1bb45a254df9524d8d2b32577c2b8806eab8080
swin_seed1_fold4/checkpoint.pt,487635,cd8eb664c30683b66d01f40be6acc83ecfc70fe65125f7702d0dad97e2c41e48
swin_seed1_fold4/completed.json,580,1ce6852f7f4dd64bcb8654b781bde8da158b929b9b91d314b65c54bfbd418b20
swin_seed1_fold4/fit.json,15601,157b32bab0faac0ce6fa5b9363bc252a9f9cb8558c4eb6a36a9f140066af67dc
swin_seed1_fold4/history.json,5056,0f730caa86414667a6e987427bd7c3978ae9c1f24cd416ea224c4f0061c9f6e2
swin_seed1_fold4/predictions.npz,5315,44e6f8ae31280a82c366268093b958e2ef00e41c427e96a79df7657491ab70e7
swin_seed1_fold4/preprocessing.npz,3643,3bb27f2b93e2ee9c37b6a549898d2cdf36bf95ba014de075828100b584004ee0
swin_seed2_fold0/checkpoint.json,98,0bb1217d2126df605afccd3c10e2f5e72d02a138b91facbb0a8ef5bebe75e4fc
swin_seed2_fold0/checkpoint.pt,487635,a20bb55d4b157053755fa5df37438c14dec9ecc9371e41e578728e1c852f5b59
swin_seed2_fold0/completed.json,580,631dbed6955608729897b896a637ddb31d8683c360f1fbc3eb9653b64f1dea5f
swin_seed2_fold0/fit.json,15601,0eabbd450a49d3b33d3bcbc04cb45fdcd2af2d5c65fafa269f113010371182e5
swin_seed2_fold0/history.json,5069,8e775eb0888550bc3cc52c8a40bb3a531900fed13763f6feab488fabf691f591
swin_seed2_fold0/predictions.npz,5493,7780c9d5d609b83527faaec4fcc8601c000e51ec0954276e36ec010cbb09f368
swin_seed2_fold0/preprocessing.npz,3640,0d54b97fa35002354a83679bd20a4ce959d5cd02c272097133bd3f1b5e3ad40a
swin_seed2_fold1/checkpoint.json,98,3f350d88da0ad48ef986df96dac89fac02e7d6c52f4c9346b5088ba064e3de2b
swin_seed2_fold1/checkpoint.pt,487635,2bbb2668fe30c5c8824a3312c8189d5485c19f4d140aca1a5f3ca5d9f460560d
swin_seed2_fold1/completed.json,580,a1454c5021bb9e04b196b999d6bc7a4ac393e7b0ba4b6d769488e811de635d81
swin_seed2_fold1/fit.json,15601,e1e5b80e711077f3607fd6d44963932be8fa91d34b28ec5788417b89a9d76839
swin_seed2_fold1/history.json,5072,21766e20a36e0cb82bdeceb8f8a92dc389fc195ef58ea747ebbaeca74ee3faf3
swin_seed2_fold1/predictions.npz,5188,b15caaa5541dc25b306e1d35e16578eee1aa76a7546d6cafd17a2bc81c227f31
swin_seed2_fold1/preprocessing.npz,3625,f7412844b1f22a7a2c0eecc618d9633147ab74508e650aff512c058283106034
swin_seed2_fold2/checkpoint.json,98,5207566987de3f6f6a9d6a63253b7e2e744ef056a68d15395a2bda1f70e39c2e
swin_seed2_fold2/checkpoint.pt,487635,0b5170d418982d9c58e8778a4fc947aecd6f176ce76ce773e8e0c0f3c6dc82a9
swin_seed2_fold2/completed.json,580,ce86b1ac2b8078294d19eebe6420e5752ff67d74465e95344f7f43daaf8badfe
swin_seed2_fold2/fit.json,15600,e4f000fe196cc05ab33d4d40f7c5bd549fc7365790ca913e73b368f5ff68a83c
swin_seed2_fold2/history.json,5073,0e805bf1fc418bde63a042d73fa6dd59ef6bdad39dd85ddebf0d6c8aa26de58b
swin_seed2_fold2/predictions.npz,5335,60e3d07792be85a626f814d2f2e8d0da3d8bb71a24a7452d3341855b7e735e32
swin_seed2_fold2/preprocessing.npz,3644,904023214529a3cc3c227d8632782f9b1072697e49e52c132ea90c8ab8bc3e60
swin_seed2_fold3/checkpoint.json,98,26493cd81d736c60ebf3ce5a54eed60441ccddaedf51f6d34104d74c823d7c3c
swin_seed2_fold3/checkpoint.pt,487635,240edff3d88dec34aeac352a0872ff18ffe1d0bc47a22fd862ce3ad9319b8783
swin_seed2_fold3/completed.json,580,69c471e7c3c2dfe2b3ea5b2118f9c05fb6dc1156b173002fea04d6b904e1c361
swin_seed2_fold3/fit.json,15601,971c4313f2caf1ed8b46cbbaa4ec327f955a33d3960ecf40bb0423c9b8020395
swin_seed2_fold3/history.json,5055,584c0ec138eda789031f4428e9b6d31940e494ba4ac2fc280e677b6defc37c56
swin_seed2_fold3/predictions.npz,5288,084494a57db4ee5507fb6ee6f23b1a2ffa90704f7b586ad31441901c0cf0af7f
swin_seed2_fold3/preprocessing.npz,3635,05fc990e8e3e0c1d9b8a9c3313d99a9e02fc4a15d44ff566fb4846d4a2cd19ca
swin_seed2_fold4/checkpoint.json,98,6bef3ef1bb84f9f74703939f84bf1b58fd176d94e3a36a68cb54ec0111d82d6e
swin_seed2_fold4/checkpoint.pt,487635,a9743bad798a0efa92baa2ffe81148ab919c1f0fd1bd1dcaa50396e81462d530
swin_seed2_fold4/completed.json,580,650350522a5fc531c38568613a2a660f5768248b60a578942c6f70ecf7d4cb0a
swin_seed2_fold4/fit.json,15601,90f78532d178a9bdd1321c0434456fa01c6719dc302b99992b61e31a8b7a7aa7
swin_seed2_fold4/history.json,5067,983752a7bdc845d2bbe9f4e3f08239050e16fa1f48cebb4ff1e024f0c945f7aa
swin_seed2_fold4/predictions.npz,5260,ec6804def499e162a0be876be99a90fa91635bd99cc4d8fd6688063563bd2c6a
swin_seed2_fold4/preprocessing.npz,3643,3bb27f2b93e2ee9c37b6a549898d2cdf36bf95ba014de075828100b584004ee0
