trial,seed,fold,train_windows,test_windows,train_patients,test_patients,seconds,peak_cuda_bytes,training_accuracy,training_macro_f1,max_reloaded_probability_error,warnings
logistic_fold0,,0,1280,340,64,16,0.062124518000018725,,0.8875,0.8780053863387197,0.0,[]
swin_seed0_fold0,0,0,1280,340,64,16,25.81294396400017,71275520,1.0,1.0,1.430511474609375e-06,[]
swin_seed1_fold0,1,0,1280,340,64,16,25.899497809999957,71730688,1.0,1.0,1.6093254089355469e-06,[]
swin_seed2_fold0,2,0,1280,340,64,16,26.098415187000228,72185856,1.0,1.0,1.430511474609375e-06,[]
logistic_fold1,,1,1300,320,64,16,0.0287861920000978,,0.8653846153846154,0.8523894474008525,0.0,[]
swin_seed0_fold1,0,1,1300,320,64,16,26.227867331000198,72641024,1.0,1.0,1.1324882507324219e-06,[]
swin_seed1_fold1,1,1,1300,320,64,16,26.463244626999767,73096192,1.0,1.0,1.6391277313232422e-06,[]
swin_seed2_fold1,2,1,1300,320,64,16,26.439531362000253,71275520,1.0,1.0,1.6689300537109375e-06,[]
logistic_fold2,,2,1300,320,64,16,0.029140879999886238,,0.9053846153846153,0.8987437931337187,0.0,[]
swin_seed0_fold2,0,2,1300,320,64,16,26.604973285000142,71730688,1.0,1.0,1.8477439880371094e-06,[]
swin_seed1_fold2,1,2,1300,320,64,16,28.190550876999623,72185856,1.0,1.0,1.0132789611816406e-06,[]
swin_seed2_fold2,2,2,1300,320,64,16,26.52663136000001,72641024,1.0,1.0,1.3113021850585938e-06,[]
logistic_fold3,,3,1300,320,64,16,0.028660784999829048,,0.8992307692307693,0.8882580580257282,0.0,[]
swin_seed0_fold3,0,3,1300,320,64,16,26.088023323000016,73096192,1.0,1.0,1.3113021850585938e-06,[]
swin_seed1_fold3,1,3,1300,320,64,16,27.863421129000017,73551360,1.0,1.0,1.6987323760986328e-06,[]
swin_seed2_fold3,2,3,1300,320,64,16,27.801076507999824,74006528,1.0,1.0,9.238719940185547e-07,[]
logistic_fold4,,4,1300,320,64,16,0.02852105500005564,,0.8930769230769231,0.8825340769982198,0.0,[]
swin_seed0_fold4,0,4,1300,320,64,16,27.744816993999848,74461696,1.0,1.0,1.5497207641601562e-06,[]
swin_seed1_fold4,1,4,1300,320,64,16,27.273072090999904,74916864,1.0,1.0,7.450580596923828e-07,[]
swin_seed2_fold4,2,4,1300,320,64,16,27.177268167999955,75372032,1.0,1.0,7.152557373046875e-07,[]
