fold,seed,epoch,loss,lr,seconds
0,0,1,0.6544750316440436,0.001,0.5665278960000251
0,0,2,0.38568910355699143,0.0009986128001799076,0.6299673180001264
0,0,3,0.2894984465889141,0.000994459753267812,0.615252923999833
0,0,4,0.23117621402647548,0.0009875664641789542,0.5438770830000976
0,0,5,0.19346887943464813,0.000977975432332819,0.604804422000143
0,0,6,0.1528409811638532,0.0009657457896300788,0.5419335960000353
0,0,7,0.12549178192490024,0.0009509529358847653,0.6130115259998092
0,0,8,0.11306007003647789,0.0009336880739593414,0.573975516000246
0,0,9,0.08109563767619013,0.0009140576474687262,0.5582638629998655
0,0,10,0.0819416755861342,0.0008921826845200138,0.566092633000153
0,0,11,0.053529197102491946,0.0008681980515339462,0.532236525999906
0,0,12,0.05383973252431838,0.0008422516217485825,0.5346376180000334
0,0,13,0.04346449782673807,0.0008145033635316127,0.5670715310002379
0,0,14,0.03239672727911893,0.0007851243541221768,0.6682975260000603
0,0,15,0.024746248353372947,0.0007542957248827959,0.5639158660001158
0,0,16,0.02870609783758109,0.0007222075445642904,0.5650042600000234
0,0,17,0.0062578406893554735,0.0006890576474687263,0.5639918420001777
0,0,18,0.00282114307918524,0.0006550504137351575,0.5761820679999801
0,0,19,0.0022479638576145,0.0006203955092681039,0.5499122739997802
0,0,20,0.0016900284016263104,0.0005853065930775302,0.5291088019998824
0,0,21,0.00143475430579768,0.0005499999999999999,0.5657404849998784
0,0,22,0.001291510820886963,0.0005146934069224698,0.5468380840002283
0,0,23,0.001178280395588133,0.00047960449073189616,0.5694347600001493
0,0,24,0.0010974585947747622,0.00044494958626484254,0.5713160959999186
0,0,25,0.0010320425536722775,0.0004109423525312736,0.5457594890003747
0,0,26,0.0009766134356993014,0.00037779245543570955,0.5669363799997882
0,0,27,0.0009248445206061617,0.0003457042751172039,0.5533845490003841
0,0,28,0.000881958328709584,0.00031487564587782295,0.5493649229997573
0,0,29,0.0008476416600410687,0.0002854966364683871,0.5729353980000269
0,0,30,0.0008174401548283447,0.0002577483782514174,0.5719978570000421
0,0,31,0.0007903609102733113,0.00023180194846605365,0.5637678739999501
0,0,32,0.0007678111835697063,0.0002078173154799861,0.5524887820001823
0,0,33,0.0007490074512596742,0.00018594235253127373,0.5563050569999177
0,0,34,0.0007322590219561135,0.00016631192604065853,0.5647379319998436
0,0,35,0.0007174676841983977,0.0001490470641152345,0.5648632060001546
0,0,36,0.000703319022648364,0.00013425421036992097,0.5343144859998574
0,0,37,0.0006926542234740233,0.0001220245676671809,0.5177275139999438
0,0,38,0.0006807085752793223,0.00011243353582104555,0.5628772619998017
0,0,39,0.0006708631656646539,0.00010554024673218805,0.5264212780002708
0,0,40,0.0006615335830895323,0.00010138719982009242,0.5683840710003096
0,1,1,0.6535224125763353,0.001,0.5703771349999442
0,1,2,0.3535437425881711,0.0009986128001799076,0.5626336840000477
0,1,3,0.253498732058585,0.000994459753267812,0.5861903869999878
0,1,4,0.18643664436456855,0.0009875664641789542,0.5376649280001402
0,1,5,0.14995194197404405,0.000977975432332819,0.5814277849999598
0,1,6,0.12537512324974892,0.0009657457896300788,0.5383821279997392
0,1,7,0.114573911719165,0.0009509529358847653,0.5668952519999948
0,1,8,0.08919448403328611,0.0009336880739593414,0.5896768970001176
0,1,9,0.0708550269794946,0.0009140576474687262,0.5406775859996742
0,1,10,0.07504608531390805,0.0008921826845200138,0.6489697140000317
0,1,11,0.045061868406523334,0.0008681980515339462,0.5591771920003339
0,1,12,0.051409359132638,0.0008422516217485825,0.5583688410001741
0,1,13,0.03934032108374356,0.0008145033635316127,0.5686109279999982
0,1,14,0.025703403146159147,0.0007851243541221768,0.5645822149999731
0,1,15,0.022584111688264415,0.0007542957248827959,0.5612809690001086
0,1,16,0.014329897518046125,0.0007222075445642904,0.5853506550001839
0,1,17,0.009613282365855302,0.0006890576474687263,0.5531319269998676
0,1,18,0.007634011688252208,0.0006550504137351575,0.542282417000024
0,1,19,0.005310913554469271,0.0006203955092681039,0.5512926890000927
0,1,20,0.0036839550242938187,0.0005853065930775302,0.5628704589998961
0,1,21,0.0017216446991551951,0.0005499999999999999,0.5616153979999581
0,1,22,0.0012964480657894374,0.0005146934069224698,0.5523301769999307
0,1,23,0.0011133060228249534,0.00047960449073189616,0.5417349630001809
0,1,24,0.001010866411265202,0.00044494958626484254,0.5732110419999117
0,1,25,0.0009335130173292336,0.0004109423525312736,0.5564706280001701
0,1,26,0.0008798404376643692,0.00037779245543570955,0.5380318010002156
0,1,27,0.0008331815580995203,0.0003457042751172039,0.5707033319999937
0,1,28,0.0007893233552974637,0.00031487564587782295,0.5452568870000505
0,1,29,0.0007522260544677391,0.0002854966364683871,0.555929094000021
0,1,30,0.0007248504415129948,0.0002577483782514174,0.5623109120001573
0,1,31,0.0007016244689419495,0.00023180194846605365,0.5374109320000571
0,1,32,0.0006804501973869024,0.0002078173154799861,0.5608322779999071
0,1,33,0.0006627621494439231,0.00018594235253127373,0.5801795309998852
0,1,34,0.000648179517876675,0.00016631192604065853,0.5721375380003337
0,1,35,0.000632986066296887,0.0001490470641152345,0.5662430469997162
0,1,36,0.0006214194686397053,0.00013425421036992097,0.6024773210001513
0,1,37,0.0006105179475459696,0.0001220245676671809,0.563398548999885
0,1,38,0.000600712772260645,0.00011243353582104555,0.5506814370000939
0,1,39,0.0005911139676985811,0.00010554024673218805,0.6084846540002218
0,1,40,0.0005833531640738916,0.00010138719982009242,0.5796653180000249
0,2,1,0.6049993716083847,0.001,0.512061955000263
0,2,2,0.3816680456843903,0.0009986128001799076,0.573707450999791
0,2,3,0.3088272393758136,0.000994459753267812,0.5753354030002811
0,2,4,0.24456875198501268,0.0009875664641789542,0.5671365030002562
0,2,5,0.17929458907745477,0.000977975432332819,0.5776259780000146
0,2,6,0.13285234023683837,0.0009657457896300788,0.6080800449999515
0,2,7,0.08479837622069858,0.0009509529358847653,0.5821999090003374
0,2,8,0.07415105754150401,0.0009336880739593414,0.5579906319999282
0,2,9,0.056636967910640414,0.0009140576474687262,0.5514744570000403
0,2,10,0.036419894785077386,0.0008921826845200138,0.5739744319998863
0,2,11,0.020725761450469317,0.0008681980515339462,0.5554170320001504
0,2,12,0.022267050785126818,0.0008422516217485825,0.55950826399976
0,2,13,0.011349187591706654,0.0008145033635316127,0.6261439579998296
0,2,14,0.008238082529136964,0.0007851243541221768,0.5433190180001475
0,2,15,0.004064135224850764,0.0007542957248827959,0.5816216270000041
0,2,16,0.005054549551548987,0.0007222075445642904,0.5883122670002194
0,2,17,0.00604767181617275,0.0006890576474687263,0.5387460910001209
0,2,18,0.002595189120719873,0.0006550504137351575,0.5926181349996114
0,2,19,0.0012094494537608414,0.0006203955092681039,0.5695752870001343
0,2,20,0.0010175891183685309,0.0005853065930775302,0.5449440449997383
0,2,21,0.0009197165974111282,0.0005499999999999999,0.5920493799999349
0,2,22,0.0008470965263274571,0.0005146934069224698,0.5965714750000188
0,2,23,0.0007948391893550583,0.00047960449073189616,0.5513351790000343
0,2,24,0.0007495841496748442,0.00044494958626484254,0.6050962710000931
0,2,25,0.0007107447155201378,0.0004109423525312736,0.555406038000001
0,2,26,0.0006781208703915424,0.00037779245543570955,0.5800500329996794
0,2,27,0.0006507724351556356,0.0003457042751172039,0.5741311179999684
0,2,28,0.0006260698561055842,0.00031487564587782295,0.5542030649999106
0,2,29,0.0006055507811768456,0.0002854966364683871,0.5887992149996535
0,2,30,0.0005871396314187366,0.0002577483782514174,0.5839351390000047
0,2,31,0.0005723024067063105,0.00023180194846605365,0.5510048340001958
0,2,32,0.0005582267198352857,0.0002078173154799861,0.5675578139998834
0,2,33,0.0005458430491875995,0.00018594235253127373,0.5499007799999163
0,2,34,0.0005353870203011444,0.00016631192604065853,0.5673571240004094
0,2,35,0.0005266220647573484,0.0001490470641152345,0.575871463999647
0,2,36,0.0005172174660666066,0.00013425421036992097,0.5733318550001059
0,2,37,0.0005100838455734493,0.0001220245676671809,0.576990811000087
0,2,38,0.0005032033035286798,0.00011243353582104555,0.556356009999945
0,2,39,0.0004970598701214979,0.00010554024673218805,0.5471429890003492
0,2,40,0.0004908914173069459,0.00010138719982009242,0.5822951410000314
1,0,1,0.6636674989169516,0.001,0.5615461480001613
1,0,2,0.3842490394562209,0.0009986128001799076,0.5877804690003359
1,0,3,0.29021218602337456,0.000994459753267812,0.5725995030002196
1,0,4,0.22353701473399085,0.0009875664641789542,0.5506862140000521
1,0,5,0.18423318365066835,0.000977975432332819,0.5816838450000432
1,0,6,0.17261169266651621,0.0009657457896300788,0.5498250870000447
1,0,7,0.12455669518205383,0.0009509529358847653,0.5608892879999985
1,0,8,0.12879769764291932,0.0009336880739593414,0.5684657150000021
1,0,9,0.09763382115169349,0.0009140576474687262,0.5561295039997276
1,0,10,0.07911546818996747,0.0008921826845200138,0.5926422359998469
1,0,11,0.05837101521204573,0.0008681980515339462,0.5573260750002191
1,0,12,0.04886547449347364,0.0008422516217485825,0.5666089989999818
1,0,13,0.029329505437682014,0.0008145033635316127,0.5943823679999696
1,0,14,0.018163525734707413,0.0007851243541221768,0.5934947240002657
1,0,15,0.03642408927216631,0.0007542957248827959,0.5964000420003686
1,0,16,0.02285357246011801,0.0007222075445642904,0.5767166390000966
1,0,17,0.0070381767675127774,0.0006890576474687263,0.5587201210000785
1,0,18,0.005816315844333545,0.0006550504137351575,0.5919115309998233
1,0,19,0.0036781743433501606,0.0006203955092681039,0.5814783929999976
1,0,20,0.00200221830101717,0.0005853065930775302,0.5844326750002438
1,0,21,0.0016571829785721561,0.0005499999999999999,0.6033434969999689
1,0,22,0.001443586487517462,0.0005146934069224698,0.561538131999896
1,0,23,0.001188445428879532,0.00047960449073189616,0.5778809670000555
1,0,24,0.0010851737946534219,0.00044494958626484254,0.5715764510000554
1,0,25,0.0010060908102494863,0.0004109423525312736,0.5425764349997735
1,0,26,0.0009463275594384174,0.00037779245543570955,0.5822323140000663
1,0,27,0.0008936018141308372,0.0003457042751172039,0.5545665189997635
1,0,28,0.0008538637441735676,0.00031487564587782295,0.5757853069999328
1,0,29,0.0008184705722580765,0.0002854966364683871,0.5825662550000743
1,0,30,0.000786533744946684,0.0002577483782514174,0.5551197529998717
1,0,31,0.0007593900406840936,0.00023180194846605365,0.5735189150000224
1,0,32,0.0007357256789590469,0.0002078173154799861,0.5819688790002147
1,0,33,0.0007157297163281501,0.00018594235253127373,0.5844625939998878
1,0,34,0.0006978446899263868,0.00016631192604065853,0.5897065789999942
1,0,35,0.0006826287288761118,0.0001490470641152345,0.5394203500000003
1,0,36,0.0006688152578053311,0.00013425421036992097,0.5897964969999521
1,0,37,0.0006558800937707172,0.0001220245676671809,0.6046804679999696
1,0,38,0.000644975330897235,0.00011243353582104555,0.5430935680001312
1,0,39,0.0006348902611824707,0.00010554024673218805,0.6276186310001322
1,0,40,0.0006252455647494452,0.00010138719982009242,0.5623836919999121
1,1,1,0.6197608382533212,0.001,0.5957572570000593
1,1,2,0.36210957383316217,0.0009986128001799076,0.5667758829999912
1,1,3,0.2685010752363201,0.000994459753267812,0.557834836999973
1,1,4,0.21269798959447334,0.0009875664641789542,0.5776825889997781
1,1,5,0.19842998328537967,0.000977975432332819,0.5862575030000698
1,1,6,0.14503577998211045,0.0009657457896300788,0.6079145050002808
1,1,7,0.1352052479986356,0.0009509529358847653,0.5535396899999796
1,1,8,0.12287911472996182,0.0009336880739593414,0.5787602290001814
1,1,9,0.07396511724991986,0.0009140576474687262,0.6005969400002868
1,1,10,0.08117489997379684,0.0008921826845200138,0.5659173129997725
1,1,11,0.07808443466679026,0.0008681980515339462,0.5837726489999113
1,1,12,0.051680115764508344,0.0008422516217485825,0.5677284500002315
1,1,13,0.03918137779822604,0.0008145033635316127,0.5647910370003046
1,1,14,0.0269168608956858,0.0007851243541221768,0.6100433560000056
1,1,15,0.021773731772260087,0.0007542957248827959,0.5757051609998598
1,1,16,0.013669021237630271,0.0007222075445642904,0.610168767000232
1,1,17,0.018778716052096463,0.0006890576474687263,0.5841000679997705
1,1,18,0.014177158611985588,0.0006550504137351575,0.5708874270003435
1,1,19,0.011891469215817215,0.0006203955092681039,0.5995985909999035
1,1,20,0.007608283483278307,0.0005853065930775302,0.5636652869998215
1,1,21,0.006493219653790803,0.0005499999999999999,0.5863571559998491
1,1,22,0.0037583538969323477,0.0005146934069224698,0.5907973020002828
1,1,23,0.0029973738476454844,0.00047960449073189616,0.5648288440002034
1,1,24,0.002010577916831592,0.00044494958626484254,0.5696321679997709
1,1,25,0.0014244801936095033,0.0004109423525312736,0.5453772719997687
1,1,26,0.0012536447405694054,0.00037779245543570955,0.5589350889999878
1,1,27,0.0011443612168871781,0.0003457042751172039,0.5823320270001204
1,1,28,0.001064928902088669,0.00031487564587782295,0.578645171000062
1,1,29,0.001006740543929175,0.0002854966364683871,0.5791400620000786
1,1,30,0.0009579600512833088,0.0002577483782514174,0.5584290920000967
1,1,31,0.0009179690787650776,0.00023180194846605365,0.5745570430003681
1,1,32,0.0008804860484624431,0.0002078173154799861,0.5874301019998711
1,1,33,0.0008504123385472429,0.00018594235253127373,0.5429328949999217
1,1,34,0.0008279128864753158,0.00016631192604065853,0.5884134699999777
1,1,35,0.0008032175085400157,0.0001490470641152345,0.5861461519998556
1,1,36,0.0007820881503060501,0.00013425421036992097,0.5448763010003859
1,1,37,0.000764848400174651,0.0001220245676671809,0.5964685779999854
1,1,38,0.0007488798657827001,0.00011243353582104555,0.5482713400001558
1,1,39,0.0007346962510592465,0.00010554024673218805,0.584698429999662
1,1,40,0.000720716963246698,0.00010138719982009242,0.6062719890001063
1,2,1,0.6242565917108157,0.001,0.5631480679999186
1,2,2,0.4082873401851808,0.0009986128001799076,0.5907426399999167
1,2,3,0.32303240556242585,0.000994459753267812,0.5585197299997162
1,2,4,0.25514626518410416,0.0009875664641789542,0.581005469000047
1,2,5,0.18293738522531602,0.000977975432332819,0.5997478469998896
1,2,6,0.14989242550782786,0.0009657457896300788,0.6114990160003799
1,2,7,0.1040144576255564,0.0009509529358847653,0.603489006000018
1,2,8,0.07377361326590147,0.0009336880739593414,0.5681683630000407
1,2,9,0.061991479730249745,0.0009140576474687262,0.5653295420001996
1,2,10,0.04106493486155175,0.0008921826845200138,0.581051928999841
1,2,11,0.030833534794780407,0.0008681980515339462,0.5606045020003876
1,2,12,0.02629537148952586,0.0008422516217485825,0.5893942540001262
1,2,13,0.01755826080435472,0.0008145033635316127,0.5961163579995628
1,2,14,0.010163351889070072,0.0007851243541221768,0.5561378729998978
1,2,15,0.0055440570833012225,0.0007542957248827959,0.584005385999717
1,2,16,0.006514714135030153,0.0007222075445642904,0.55478507800035
1,2,17,0.0036759334511612366,0.0006890576474687263,0.5829376879996744
1,2,18,0.0015933371072832491,0.0006550504137351575,0.6023202940000374
1,2,19,0.0012587563338723193,0.0006203955092681039,0.5641762659997767
1,2,20,0.0010870751791055993,0.0005853065930775302,0.5832508780003991
1,2,21,0.0009691284727681141,0.0005499999999999999,0.5496177639997768
1,2,22,0.0008764734779910216,0.0005146934069224698,0.5768593189995954
1,2,23,0.0007991629841978239,0.00047960449073189616,0.6068091000001914
1,2,24,0.0007453267319182358,0.00044494958626484254,0.5672543230002702
1,2,25,0.0007006894259274402,0.0004109423525312736,0.5775012619997142
1,2,26,0.0006678331349661692,0.00037779245543570955,0.5613051649997942
1,2,27,0.0006381805974763447,0.0003457042751172039,0.5726956890002839
1,2,28,0.0006118740352313236,0.00031487564587782295,0.6009883669998999
1,2,29,0.0005898450982502441,0.0002854966364683871,0.5798943650002002
1,2,30,0.0005702580628048373,0.0002577483782514174,0.5575865659998271
1,2,31,0.0005515838339127567,0.00023180194846605365,0.578323145000013
1,2,32,0.0005367390423161272,0.0002078173154799861,0.5537326400003622
1,2,33,0.0005240937683202578,0.00018594235253127373,0.5793191600000682
1,2,34,0.000512884237995199,0.00016631192604065853,0.5784813350001059
1,2,35,0.000502383177066031,0.0001490470641152345,0.5614267179998933
1,2,36,0.0004935567005682188,0.00013425421036992097,0.5962463339997157
1,2,37,0.00048577729969679387,0.0001220245676671809,0.5620809800002462
1,2,38,0.00047871186970895854,0.00011243353582104555,0.6060882520000632
1,2,39,0.00047190077707982684,0.00010554024673218805,0.6527873139998519
1,2,40,0.0004657391503600408,0.00010138719982009242,0.6237833929999397
2,0,1,0.6508491862765704,0.001,0.6676422790001197
2,0,2,0.352213526735006,0.0009986128001799076,0.5926975299998958
2,0,3,0.25332954295262783,0.000994459753267812,0.6361665950003044
2,0,4,0.20388600653026537,0.0009875664641789542,0.6106923150000512
2,0,5,0.1513853007033794,0.000977975432332819,0.5744693970000299
2,0,6,0.1292285600007234,0.0009657457896300788,0.6101115090000349
2,0,7,0.10471064482170177,0.0009509529358847653,0.5520555810003316
2,0,8,0.09799486944009413,0.0009336880739593414,0.5701703019999513
2,0,9,0.0833544605373601,0.0009140576474687262,0.5727650049998374
2,0,10,0.04533175613034015,0.0008921826845200138,0.5719920540000203
2,0,11,0.04793684330448912,0.0008681980515339462,0.6052174010001181
2,0,12,0.025805513760618248,0.0008422516217485825,0.602862703000028
2,0,13,0.009990662989398595,0.0008145033635316127,0.5799436739998782
2,0,14,0.009531596428571727,0.0007851243541221768,0.5885596009998153
2,0,15,0.0036960700816391114,0.0007542957248827959,0.5586064859999169
2,0,16,0.0026044604008981943,0.0007222075445642904,0.5645903650001856
2,0,17,0.003923921550982169,0.0006890576474687263,0.5628269379999438
2,0,18,0.0017134166551615682,0.0006550504137351575,0.5675187980000373
2,0,19,0.001482972978070148,0.0006203955092681039,0.6315316830000484
2,0,20,0.001222632146439255,0.0005853065930775302,0.5555913480002346
2,0,21,0.001102818838726254,0.0005499999999999999,0.5765874379999332
2,0,22,0.0010217748850246016,0.0005146934069224698,0.580007784999907
2,0,23,0.0009552815982561159,0.00047960449073189616,0.5490843140000834
2,0,24,0.0008936707662862361,0.00044494958626484254,0.5898827020000681
2,0,25,0.0008402403221126611,0.0004109423525312736,0.568459716000234
2,0,26,0.0008006241848092863,0.00037779245543570955,0.5554550540000491
2,0,27,0.0007635821339155021,0.0003457042751172039,0.5862017989998094
2,0,28,0.0007355291574580862,0.00031487564587782295,0.5509056769997187
2,0,29,0.0007068324392913005,0.0002854966364683871,0.5716350119996605
2,0,30,0.0006834786714805046,0.0002577483782514174,0.5977656279997063
2,0,31,0.000662424285741753,0.00023180194846605365,0.565435828000318
2,0,32,0.0006450178981249763,0.0002078173154799861,0.6082637479998994
2,0,33,0.0006288674529472519,0.00018594235253127373,0.557203852999919
2,0,34,0.0006157579463985729,0.00016631192604065853,0.5746173820002696
2,0,35,0.0006037619551599478,0.0001490470641152345,0.5886792159999459
2,0,36,0.0005927417729083451,0.00013425421036992097,0.6018261530002746
2,0,37,0.000583207835788394,0.0001220245676671809,0.6206464070000948
2,0,38,0.0005745638703462928,0.00011243353582104555,0.5735617390000698
2,0,39,0.0005663591425017282,0.00010554024673218805,0.5718726850000166
2,0,40,0.0005582547620720398,0.00010138719982009242,0.5889002020003318
2,1,1,0.6234513264894486,0.001,0.5435083659999691
2,1,2,0.33624935374687814,0.0009986128001799076,0.5747317340001246
2,1,3,0.2598780797523234,0.000994459753267812,0.5532423219997327
2,1,4,0.2065050372786341,0.0009875664641789542,0.5553959539997777
2,1,5,0.169469681151037,0.000977975432332819,0.5531181249998554
2,1,6,0.14561244426970507,0.0009657457896300788,0.552686212000026
2,1,7,0.12791559304007225,0.0009509529358847653,0.5857174129996565
2,1,8,0.09937114931384308,0.0009336880739593414,0.5712616799996795
2,1,9,0.08142587428892095,0.0009140576474687262,0.5658157620000566
2,1,10,0.06358163323674122,0.0008921826845200138,0.5913932260000365
2,1,11,0.05508611151639492,0.0008681980515339462,0.563792304999879
2,1,12,0.04407401757638858,0.0008422516217485825,0.5972518020003008
2,1,13,0.03693231310444198,0.0008145033635316127,0.5874622709998221
2,1,14,0.02676348919469634,0.0007851243541221768,0.5771897360000366
2,1,15,0.015924917845510225,0.0007542957248827959,0.6056536429996413
2,1,16,0.00843790317742271,0.0007222075445642904,0.5585668030003035
2,1,17,0.009726362397471492,0.0006890576474687263,0.5773147459999564
2,1,18,0.005294900591808917,0.0006550504137351575,0.5752061650000542
2,1,19,0.0037080162375731727,0.0006203955092681039,0.5702717140002278
2,1,20,0.0028409569021787535,0.0005853065930775302,0.5933556019999742
2,1,21,0.0017274868073429,0.0005499999999999999,0.5681053890002659
2,1,22,0.0014806489034403353,0.0005146934069224698,0.6070241949996671
2,1,23,0.0013560856243757852,0.00047960449073189616,0.5819289490000301
2,1,24,0.0012415345179331311,0.00044494958626484254,0.5501673029998528
2,1,25,0.001156579845711131,0.0004109423525312736,0.5778265680000914
2,1,26,0.001038052072534178,0.00037779245543570955,0.588553606000005
2,1,27,0.000940706370806792,0.0003457042751172039,0.5514488859998892
2,1,28,0.0008613591987442406,0.00031487564587782295,0.6023278269999537
2,1,29,0.0008158662865591596,0.0002854966364683871,0.5624488680000468
2,1,30,0.0007824528337177502,0.0002577483782514174,0.5430385029999343
2,1,31,0.0007543373260084045,0.00023180194846605365,0.5708360300000095
2,1,32,0.0007321566202447509,0.0002078173154799861,0.5679645060004077
2,1,33,0.0007137728558486662,0.00018594235253127373,0.6320792399997117
2,1,34,0.0006951837719739614,0.00016631192604065853,0.71346219499992
2,1,35,0.0006813169926007031,0.0001490470641152345,0.8949824739997894
2,1,36,0.0006678122082875451,0.00013425421036992097,0.9453694130002077
2,1,37,0.0006560875722563693,0.0001220245676671809,0.9516704150000805
2,1,38,0.0006459286722230517,0.00011243353582104555,0.898576065999805
2,1,39,0.0006360108496079851,0.00010554024673218805,0.8146806120003021
2,1,40,0.0006268257496561767,0.00010138719982009242,0.5961426619996928
2,2,1,0.5674098155333808,0.001,0.6425513960002718
2,2,2,0.3361942921228141,0.0009986128001799076,0.6009888379999211
2,2,3,0.2605578915529737,0.000994459753267812,0.5491150050002034
2,2,4,0.18806854073078053,0.0009875664641789542,0.5715309709999019
2,2,5,0.1220843961681321,0.000977975432332819,0.5821427319997383
2,2,6,0.10934228755618114,0.0009657457896300788,0.5547582419999344
2,2,7,0.07374760584135087,0.0009509529358847653,0.5987959079998291
2,2,8,0.07213041815705247,0.0009336880739593414,0.5568460569998024
2,2,9,0.05880630779883427,0.0009140576474687262,0.5493988490002266
2,2,10,0.04406975526890952,0.0008921826845200138,0.5873687129997052
2,2,11,0.024149489334851847,0.0008681980515339462,0.580195626999739
2,2,12,0.01845685389814,0.0008422516217485825,0.6385778650001157
2,2,13,0.010620386186848962,0.0008145033635316127,0.6079157419999319
2,2,14,0.0062060096282944245,0.0007851243541221768,0.5488114069999028
2,2,15,0.0029907752713401277,0.0007542957248827959,0.5723432909999246
2,2,16,0.001754858517338187,0.0007222075445642904,0.5727669860002607
2,2,17,0.0012555198313347375,0.0006890576474687263,0.6100949840001704
2,2,18,0.0010573623672749627,0.0006550504137351575,0.6103793289998976
2,2,19,0.000930487556756683,0.0006203955092681039,0.5697149779998654
2,2,20,0.0008392388896856828,0.0005853065930775302,0.5836983580002197
2,2,21,0.0007540091424250304,0.0005499999999999999,0.585421605999727
2,2,22,0.0006944659082211346,0.0005146934069224698,0.5618311700000049
2,2,23,0.0006438335000414111,0.00047960449073189616,0.6060158860000229
2,2,24,0.0006082433363798378,0.00044494958626484254,0.573353801000394
2,2,25,0.0005748407182677538,0.0004109423525312736,0.5528181290001157
2,2,26,0.0005447615447031383,0.00037779245543570955,0.5835110320003878
2,2,27,0.000521397163507434,0.0003457042751172039,0.5336231309997856
2,2,28,0.0005003226326891031,0.00031487564587782295,0.5683104459999413
2,2,29,0.0004832785790295126,0.0002854966364683871,0.5714969319997181
2,2,30,0.0004680665364616268,0.0002577483782514174,0.5626621710002837
2,2,31,0.0004541177031603572,0.00023180194846605365,0.5912048730001516
2,2,32,0.0004421407392638094,0.0002078173154799861,0.5639499179997074
2,2,33,0.0004322409791645883,0.00018594235253127373,0.6144500350001181
2,2,34,0.00042300264312349924,0.00016631192604065853,0.5835036240000591
2,2,35,0.00041573934243521027,0.0001490470641152345,0.5775991750001594
2,2,36,0.00040833531749453155,0.00013425421036992097,0.5659481329998926
2,2,37,0.0004018279792234093,0.0001220245676671809,0.5752662130003046
2,2,38,0.0003959073700044476,0.00011243353582104555,0.5756809389999944
2,2,39,0.000390736432802218,0.00010554024673218805,0.5780859470000905
2,2,40,0.00038573316939879575,0.00010138719982009242,0.6292750359998536
3,0,1,0.5682635866232917,0.001,0.5326105740000457
3,0,2,0.35548539852293637,0.0009986128001799076,0.6057611629998974
3,0,3,0.28536733797966285,0.000994459753267812,0.5370952279999983
3,0,4,0.22519096523041185,0.0009875664641789542,0.5704037599998628
3,0,5,0.19609047118130893,0.000977975432332819,0.6599964920001185
3,0,6,0.15860638683704462,0.0009657457896300788,0.5634006549998958
3,0,7,0.12406393049179062,0.0009509529358847653,0.608209683000041
3,0,8,0.10769397213083372,0.0009336880739593414,0.606548637999822
3,0,9,0.09046968594931182,0.0009140576474687262,0.5743834310001148
3,0,10,0.07146868429806821,0.0008921826845200138,0.5679286579998006
3,0,11,0.07354591391889392,0.0008681980515339462,0.553039606999846
3,0,12,0.053929310118697386,0.0008422516217485825,0.5826701959999809
3,0,13,0.025908109145318593,0.0008145033635316127,0.5757920370001557
3,0,14,0.024896020992530105,0.0007851243541221768,0.5614891249997527
3,0,15,0.009657881030576475,0.0007542957248827959,0.5775889669998833
3,0,16,0.019493398076305395,0.0007222075445642904,0.5392776849998882
3,0,17,0.005194286711236675,0.0006890576474687263,0.5705405900002916
3,0,18,0.0031620727345868073,0.0006550504137351575,0.5795479409998734
3,0,19,0.0018258878278518105,0.0006203955092681039,0.574052975000086
3,0,20,0.0014987901445894397,0.0005853065930775302,0.582639411999935
3,0,21,0.0012615300420679802,0.0005499999999999999,0.5491476340002919
3,0,22,0.001134324058220599,0.0005146934069224698,0.5728805889998512
3,0,23,0.0010531732469896422,0.00047960449073189616,0.5688080420000006
3,0,24,0.0009797716365846894,0.00044494958626484254,0.5653168099997856
3,0,25,0.0009249185179725517,0.0004109423525312736,0.5861391950002144
3,0,26,0.0008773982632158887,0.00037779245543570955,0.5651893340000242
3,0,27,0.0008369168447326968,0.0003457042751172039,0.5491979159996845
3,0,28,0.0008025407273385348,0.00031487564587782295,0.6183236130000296
3,0,29,0.0007718275414255594,0.0002854966364683871,0.5570726199998717
3,0,30,0.0007468103213663835,0.0002577483782514174,0.573693811999874
3,0,31,0.0007239922542403481,0.00023180194846605365,0.5769188690001101
3,0,32,0.0007036227114475943,0.0002078173154799861,0.550713192999865
3,0,33,0.000686289767103377,0.00018594235253127373,0.5752114770002663
3,0,34,0.0006716449617261488,0.00016631192604065853,0.5410229910003181
3,0,35,0.0006582271608255408,0.0001490470641152345,0.5520987049999349
3,0,36,0.0006465238756996265,0.00013425421036992097,0.5769512510000823
3,0,37,0.000635795484928662,0.0001220245676671809,0.5583120769997549
3,0,38,0.0006262091773047965,0.00011243353582104555,0.5879898700000012
3,0,39,0.0006170064444992773,0.00010554024673218805,0.5549868690000039
3,0,40,0.0006088110166437659,0.00010138719982009242,0.5476319320000584
3,1,1,0.5996364529111555,0.001,0.5966280890002054
3,1,2,0.33464945910034544,0.0009986128001799076,0.5784335130001637
3,1,3,0.2509147603865326,0.000994459753267812,0.5836629570003424
3,1,4,0.18710450265819253,0.0009875664641789542,0.6467206470001656
3,1,5,0.13536448622493685,0.000977975432332819,0.5317109510001501
3,1,6,0.114584057340859,0.0009657457896300788,0.5785706469996512
3,1,7,0.09343015872532222,0.0009509529358847653,0.5968901469996126
3,1,8,0.09930106293198555,0.0009336880739593414,0.5916210959999262
3,1,9,0.057319470782939384,0.0009140576474687262,0.5893063769999571
3,1,10,0.0450302408378735,0.0008921826845200138,0.5395147930003077
3,1,11,0.036464952100955315,0.0008681980515339462,0.5847429049999846
3,1,12,0.032827156935576134,0.0008422516217485825,0.5594763909998619
3,1,13,0.02494554538429022,0.0008145033635316127,0.6544895679999172
3,1,14,0.02089450152768763,0.0007851243541221768,0.6019266119997155
3,1,15,0.014850378267636381,0.0007542957248827959,0.5961621609999384
3,1,16,0.01255222136769434,0.0007222075445642904,0.6433650089998082
3,1,17,0.0025215245480750452,0.0006890576474687263,0.6085163029997602
3,1,18,0.0017957743755256392,0.0006550504137351575,0.6137995700000829
3,1,19,0.001387916823261462,0.0006203955092681039,0.6330350490002274
3,1,20,0.0012136400838933916,0.0005853065930775302,0.6438135070002318
3,1,21,0.0011046060502693817,0.0005499999999999999,0.6719625480000104
3,1,22,0.0010131521194285435,0.0005146934069224698,0.6804856819999259
3,1,23,0.0009336515708665466,0.00047960449073189616,0.6442656320000424
3,1,24,0.0008781546741396976,0.00044494958626484254,0.6603430810000646
3,1,25,0.0008277804821651162,0.0004109423525312736,0.6293441190000522
3,1,26,0.0007818280018587673,0.00037779245543570955,0.605723277999914
3,1,27,0.0007464822992191245,0.0003457042751172039,0.6391943670000728
3,1,28,0.000714795151634351,0.00031487564587782295,0.6171104219997687
3,1,29,0.0006873297091783652,0.0002854966364683871,0.6082880110002407
3,1,30,0.0006632594905082827,0.0002577483782514174,0.6494858260002729
3,1,31,0.0006424504641330451,0.00023180194846605365,0.6210000449996187
3,1,32,0.0006245774096425789,0.0002078173154799861,0.635821864999798
3,1,33,0.0006095792244072497,0.00018594235253127373,0.6236016150000978
3,1,34,0.0005952058388538049,0.00016631192604065853,0.6108852910001588
3,1,35,0.0005832135992591386,0.0001490470641152345,0.6140145249996749
3,1,36,0.0005733615382053474,0.00013425421036992097,0.6089377139996941
3,1,37,0.0005629451497970453,0.0001220245676671809,0.6093638939996708
3,1,38,0.000553914758266163,0.00011243353582104555,0.6095142130002387
3,1,39,0.0005458870311372682,0.00010554024673218805,0.6216093869998076
3,1,40,0.0005381216723441051,0.00010138719982009242,0.6202339540000139
3,2,1,0.5879689295217848,0.001,0.6122541580002689
3,2,2,0.3550706927552,0.0009986128001799076,0.6224812400000701
3,2,3,0.2862744298585041,0.000994459753267812,0.6367061119999562
3,2,4,0.2532961479970396,0.0009875664641789542,0.6049533899999915
3,2,5,0.19676822702933708,0.000977975432332819,0.6573124599999574
3,2,6,0.1561121019631424,0.0009657457896300788,0.5997542790000807
3,2,7,0.1094091663079084,0.0009509529358847653,0.6336517230001846
3,2,8,0.07937800571877085,0.0009336880739593414,0.6010815810000167
3,2,9,0.08005828910499586,0.0009140576474687262,0.600913386999764
3,2,10,0.039285749116787685,0.0008921826845200138,0.6377862090002964
3,2,11,0.05051271566548736,0.0008681980515339462,0.6032698079998227
3,2,12,0.03304054264501004,0.0008422516217485825,0.6264530650000779
3,2,13,0.027848260671512838,0.0008145033635316127,0.6021590579998701
3,2,14,0.011723295781711014,0.0007851243541221768,0.6277820220002468
3,2,15,0.020374660026004538,0.0007542957248827959,0.6131220469997061
3,2,16,0.007117595719204468,0.0007222075445642904,0.577032775999669
3,2,17,0.004707881184925936,0.0006890576474687263,0.608299549000094
3,2,18,0.01480658958946831,0.0006550504137351575,0.6147476030000689
3,2,19,0.013950683493182445,0.0006203955092681039,0.6046417190000284
3,2,20,0.005192706376731601,0.0005853065930775302,0.6186463819999517
3,2,21,0.0033823683585242604,0.0005499999999999999,0.5762749269997585
3,2,22,0.002052688582161074,0.0005146934069224698,0.6159368149997135
3,2,23,0.0010008734522172534,0.00047960449073189616,0.5930986170001233
3,2,24,0.0009223795230874592,0.00044494958626484254,0.6038110750000669
3,2,25,0.000835211925500122,0.0004109423525312736,0.6408008519997566
3,2,26,0.000753389649367381,0.00037779245543570955,0.583386068999971
3,2,27,0.0007019582058090944,0.0003457042751172039,0.6203209740001512
3,2,28,0.0006687773167924251,0.00031487564587782295,0.582351701999869
3,2,29,0.0006418947295767592,0.0002854966364683871,0.5964211169998634
3,2,30,0.000618888873109632,0.0002577483782514174,0.6186208749995785
3,2,31,0.0005980525776923414,0.00023180194846605365,0.5852759360000164
3,2,32,0.0005819860396498285,0.0002078173154799861,0.6115737220002302
3,2,33,0.0005664893354680694,0.00018594235253127373,0.5899830189996464
3,2,34,0.0005535068085382824,0.00016631192604065853,0.6176163300001463
3,2,35,0.0005424820503515051,0.0001490470641152345,0.6283006509997904
3,2,36,0.0005321940038179718,0.00013425421036992097,0.6031391709998388
3,2,37,0.0005232638299158291,0.0001220245676671809,0.6433895730001495
3,2,38,0.0005153760491084895,0.00011243353582104555,0.604662511999777
3,2,39,0.0005075063595628724,0.00010554024673218805,0.6276714350001384
3,2,40,0.0005000281639132437,0.00010138719982009242,0.606926003999888
4,0,1,0.6438416583186877,0.001,0.603719743000056
4,0,2,0.376078059281827,0.0009986128001799076,0.6128135099997962
4,0,3,0.28142389759475817,0.000994459753267812,0.5987654119999206
4,0,4,0.2333316671633712,0.0009875664641789542,0.6213047440000992
4,0,5,0.18172734873080684,0.000977975432332819,0.5972527509998145
4,0,6,0.15776700964129436,0.0009657457896300788,0.6080140899998696
4,0,7,0.12611510678082816,0.0009509529358847653,0.6248268570002438
4,0,8,0.11250222069470005,0.0009336880739593414,0.5929690859998118
4,0,9,0.08636382217201735,0.0009140576474687262,0.648328763000336
4,0,10,0.06359659107260361,0.0008921826845200138,0.6049073190001764
4,0,11,0.04943348119434988,0.0008681980515339462,0.5985420770002747
4,0,12,0.04070932934764631,0.0008422516217485825,0.6318352250000316
4,0,13,0.03487113045064912,0.0008145033635316127,0.6185981600001469
4,0,14,0.0291609187827722,0.0007851243541221768,0.6715680670004076
4,0,15,0.013694368934096111,0.0007542957248827959,0.6397265249997872
4,0,16,0.01728747089486024,0.0007222075445642904,0.6096274510000512
4,0,17,0.007512534774044374,0.0006890576474687263,0.6067570159998468
4,0,18,0.006898975710511176,0.0006550504137351575,0.642402569999831
4,0,19,0.0026940462032431045,0.0006203955092681039,0.6462393480001083
4,0,20,0.0018252413774466436,0.0005853065930775302,0.5872345970001334
4,0,21,0.0015173125683375273,0.0005499999999999999,0.5922662650000348
4,0,22,0.001335520962589694,0.0005146934069224698,0.6106883359998392
4,0,23,0.001216159739419416,0.00047960449073189616,0.5884055900000931
4,0,24,0.0011283703978028428,0.00044494958626484254,0.6175395879999996
4,0,25,0.0010590953612151215,0.0004109423525312736,0.5998690950000309
4,0,26,0.001001672034191168,0.00037779245543570955,0.5882299559998501
4,0,27,0.0009533917836510313,0.0003457042751172039,0.6324940620002053
4,0,28,0.0009104183339169187,0.00031487564587782295,0.5812090119998174
4,0,29,0.0008732455637400774,0.0002854966364683871,0.6119486329998836
4,0,30,0.0008408903926810079,0.0002577483782514174,0.5783838570000626
4,0,31,0.0008134254665428511,0.00023180194846605365,0.5964466579998771
4,0,32,0.000790265849179606,0.0002078173154799861,0.6096907429996463
4,0,33,0.0007691863321190141,0.00018594235253127373,0.59712053200019
4,0,34,0.0007511091815593328,0.00016631192604065853,0.6069614680000086
4,0,35,0.0007354199906179854,0.0001490470641152345,0.6077527809998173
4,0,36,0.0007220375154501683,0.00013425421036992097,0.5907083110000713
4,0,37,0.0007098083596133486,0.0001220245676671809,0.6281785549999768
4,0,38,0.0006977300587863687,0.00011243353582104555,0.5814016199997241
4,0,39,0.0006880630635621016,0.00010554024673218805,0.6007559380000203
4,0,40,0.0006776978028589268,0.00010138719982009242,0.6351226889996724
4,1,1,0.6262085199970424,0.001,0.6264112640001258
4,1,2,0.3573784269268314,0.0009986128001799076,0.6503664829997433
4,1,3,0.2828400529376422,0.000994459753267812,0.5984975800001848
4,1,4,0.22309625980329878,0.0009875664641789542,0.6462055779998082
4,1,5,0.18262514662863524,0.000977975432332819,0.6318101530000604
4,1,6,0.145691490814373,0.0009657457896300788,0.6435024150000572
4,1,7,0.15497411935018346,0.0009509529358847653,0.6315171870000995
4,1,8,0.09805381662337577,0.0009336880739593414,0.6077145939998445
4,1,9,0.08203701078513234,0.0009140576474687262,0.6145372340001813
4,1,10,0.06896944683813763,0.0008921826845200138,0.6385671569996703
4,1,11,0.07235978078343552,0.0008681980515339462,0.6077839679996941
4,1,12,0.07488204433457457,0.0008422516217485825,0.568291446999865
4,1,13,0.04087842357432747,0.0008145033635316127,0.572719096000128
4,1,14,0.025922841550281944,0.0007851243541221768,0.6242274260002887
4,1,15,0.020818842883621427,0.0007542957248827959,0.5623797650000597
4,1,16,0.017232784174312225,0.0007222075445642904,0.5841845889999604
4,1,17,0.01240670739931949,0.0006890576474687263,0.5844308989999263
4,1,18,0.007793109484102163,0.0006550504137351575,0.5796738670001105
4,1,19,0.004484855090522402,0.0006203955092681039,0.6094047260003208
4,1,20,0.0035546346639632933,0.0005853065930775302,0.5729010529998959
4,1,21,0.0035136463995626374,0.0005499999999999999,0.5901765049998176
4,1,22,0.0030405657498059763,0.0005146934069224698,0.5851464609995674
4,1,23,0.002686798147357148,0.00047960449073189616,0.5698556530001042
4,1,24,0.0025484402613908017,0.00044494958626484254,0.5881574660002116
4,1,25,0.0022782596260256796,0.0004109423525312736,0.5662232630002109
4,1,26,0.002728310215830012,0.00037779245543570955,0.583628926000074
4,1,27,0.00183959931221553,0.0003457042751172039,0.62016324599972
4,1,28,0.001356262774849195,0.00031487564587782295,0.5961355859999458
4,1,29,0.001197652244352026,0.0002854966364683871,0.6180858359998638
4,1,30,0.001111549555611397,0.0002577483782514174,0.5690958400000454
4,1,31,0.0010393377701120963,0.00023180194846605365,0.6148103109999283
4,1,32,0.0009750332484069948,0.0002078173154799861,0.5800846219999585
4,1,33,0.000919761444460781,0.00018594235253127373,0.5608268730002237
4,1,34,0.0008748874808429321,0.00016631192604065853,0.5988636429997314
4,1,35,0.0008422535049493495,0.0001490470641152345,0.5840728590001163
4,1,36,0.0008148069293064621,0.00013425421036992097,0.5789367840002342
4,1,37,0.0007898980879367123,0.0001220245676671809,0.5871666580001147
4,1,38,0.0007672274477992783,0.00011243353582104555,0.5804148850002093
4,1,39,0.0007487910872228968,0.00010554024673218805,0.5916687889998684
4,1,40,0.0007316226194285391,0.00010138719982009242,0.5729885139999169
4,2,1,0.5964775717402236,0.001,0.5702964520000933
4,2,2,0.40414049237792254,0.0009986128001799076,0.5908054800001992
4,2,3,0.3183073093465459,0.000994459753267812,0.5741735540000263
4,2,4,0.26335555747957434,0.0009875664641789542,0.589795884999603
4,2,5,0.2103046761596935,0.000977975432332819,0.5698689770001693
4,2,6,0.1948231026735048,0.0009657457896300788,0.5881854019999082
4,2,7,0.12711401611926001,0.0009509529358847653,0.5889894689998982
4,2,8,0.10724729343570702,0.0009336880739593414,0.5772184610000295
4,2,9,0.0754334732827224,0.0009140576474687262,0.5913686979997692
4,2,10,0.06696499351354872,0.0008921826845200138,0.5790496659997189
4,2,11,0.05257990618460343,0.0008681980515339462,0.5663700239997524
4,2,12,0.04379390847487294,0.0008422516217485825,0.5904497639999136
4,2,13,0.029055754851236026,0.0008145033635316127,0.5945548839999901
4,2,14,0.016012664723505498,0.0007851243541221768,0.6856856280001011
4,2,15,0.010847326366970186,0.0007542957248827959,0.6279752720001852
4,2,16,0.005251134585609424,0.0007222075445642904,0.6064684050002143
4,2,17,0.0041780306920150495,0.0006890576474687263,0.6224193149996609
4,2,18,0.003427427785209147,0.0006550504137351575,0.5804163859997971
4,2,19,0.001804658212859493,0.0006203955092681039,0.5982564840001032
4,2,20,0.0012501358467316573,0.0005853065930775302,0.6004984530000002
4,2,21,0.0010383545029902463,0.0005499999999999999,0.60448274700002
4,2,22,0.0009254917128410529,0.0005146934069224698,0.6183390880000843
4,2,23,0.0008515828164570592,0.00047960449073189616,0.5871952130000864
4,2,24,0.0007901459160671543,0.00044494958626484254,0.6164088909999919
4,2,25,0.0007397678156789427,0.0004109423525312736,0.5777364250002393
4,2,26,0.000700122106650828,0.00037779245543570955,0.5799333960003423
4,2,27,0.0006671232395171091,0.0003457042751172039,0.6387756149997585
4,2,28,0.0006368459288596939,0.00031487564587782295,0.5997172630000023
4,2,29,0.0006123858171800929,0.0002854966364683871,0.6123546220001117
4,2,30,0.0005913473848264212,0.0002577483782514174,0.5965847879997455
4,2,31,0.0005744743485432438,0.00023180194846605365,0.5889433550000831
4,2,32,0.0005584156442250122,0.0002078173154799861,0.6009688169997389
4,2,33,0.0005439326821317337,0.00018594235253127373,0.5813432760000978
4,2,34,0.0005318939589293828,0.00016631192604065853,0.6045537119998698
4,2,35,0.0005215534343754726,0.0001490470641152345,0.597391196999979
4,2,36,0.0005123124556508384,0.00013425421036992097,0.5745057090002774
4,2,37,0.0005044483782832728,0.0001220245676671809,0.6223058489999858
4,2,38,0.0004961744082470564,0.00011243353582104555,0.5885084159999678
4,2,39,0.0004898997137593807,0.00010554024673218805,0.6126481169999352
4,2,40,0.0004830974221825841,0.00010138719982009242,0.6000885119997292
