arm,seed,window_accuracy,window_macro_f1,window_balanced_accuracy,patient_vote_accuracy,patient_vote_macro_f1,patient_vote_balanced_accuracy
swin,0,0.8197530864197531,0.7835604120738751,0.7774537037037037,0.925,0.9066273932253313,0.8892040977147361
swin,1,0.8475308641975309,0.8201260835303389,0.8169444444444444,0.9625,0.9585886256386664,0.9407407407407407
swin,2,0.8333333333333334,0.7980931742687348,0.7962037037037036,0.9375,0.9156166475754105,0.8962962962962964
logistic,,0.7648148148148148,0.734194496178095,0.7576620370370369,0.875,0.851716247139588,0.8608353033884949
original_vmd_vqc,0,0.6777777777777778,0.6542466147474184,0.6934722222222223,0.8125,0.7910544511668106,0.8139479905437352
original_vmd_vqc,1,0.674074074074074,0.6386724174583999,0.6642824074074074,0.7625,0.738595048871837,0.7630417651694247
original_vmd_vqc,2,0.6876543209876543,0.6538814940748868,0.6778472222222223,0.825,0.8077816492450639,0.8173364854215918
original_wst_vqc,0,0.6462962962962963,0.6186315851768281,0.6549999999999999,0.8,0.787012987012987,0.8145784081954295
original_wst_vqc,1,0.6395061728395062,0.6126940323380189,0.6486805555555556,0.75,0.7290323334267826,0.7596532702915683
original_wst_vqc,2,0.6580246913580247,0.6263434817335914,0.6603935185185185,0.8,0.7721030530019295,0.7957446808510639
