record_id,patient_id,lead,partition,outcome,error,extraction_or_failure_seconds
05258,P00117,I,fit,success,,1.0160471939998388
00746,P00347,I,fit,success,,0.2093817000004492
19694,P02160,I,fit,success,,0.7568233019992476
01727,P02194,I,fit,success,,0.27874725200035755
19033,P02408,I,fit,success,,0.23836406800000987
19745,P03633,I,fit,success,,0.609895067999787
16297,P03729,I,fit,success,,9.19993211000019
16296,P04807,I,fit,success,,0.10796758400010731
08242,P05066,I,fit,success,,0.8571313209995424
11022,P05666,I,fit,success,,21.60999935899963
17159,P08387,I,fit,success,,0.22679249300017545
07367,P09030,I,fit,success,,4.027945734999776
19574,P09667,I,fit,success,,3.549080214999776
19876,P09678,I,fit,success,,4.566635090000091
03368,P09802,I,fit,success,,0.27076846299951285
09905,P10654,I,fit,success,,0.7143975829994815
11181,P11096,I,fit,success,,1.5900685659998999
10013,P12321,I,fit,success,,0.4665251039996292
17205,P12396,I,fit,success,,0.6852770290006447
00381,P12507,I,fit,success,,0.702229993000401
00885,P12828,I,fit,success,,0.38658221299920115
15636,P13681,I,fit,success,,0.9949447730004977
11657,P14207,I,fit,success,,1.2771130809996976
09496,P14608,I,fit,success,,1.215842608999992
09418,P14609,I,fit,success,,0.26358729399908043
02653,P15944,I,fit,success,,0.5939604119994328
15689,P16909,I,fit,success,,26.745388625999112
19637,P17279,I,fit,success,,0.8073178670001653
15071,P17586,I,fit,success,,2.304292746000101
00778,P17672,I,fit,success,,0.11688198299998476
16954,P17962,I,fit,success,,6.204043998000088
17086,P18802,I,fit,success,,1.6883235540008172
05258,P00117,II,fit,success,,1.0080411130002176
00746,P00347,II,fit,success,,0.7288416960000177
19694,P02160,II,fit,success,,0.807950577000156
01727,P02194,II,fit,success,,1.9749960870003633
19033,P02408,II,fit,success,,10.904905796000094
19745,P03633,II,fit,success,,0.9019835029994283
16297,P03729,II,fit,success,,1.0946380400000635
16296,P04807,II,fit,success,,0.06589788899964333
08242,P05066,II,fit,success,,0.26502731800064794
11022,P05666,II,fit,success,,0.16026911599965388
17159,P08387,II,fit,success,,1.4101540050005497
07367,P09030,II,fit,success,,0.676332334000108
19574,P09667,II,fit,success,,5.7960781780002435
19876,P09678,II,fit,success,,4.782317289000275
03368,P09802,II,fit,success,,1.7781411619998835
09905,P10654,II,fit,success,,13.718234203000065
11181,P11096,II,fit,success,,0.36052076000032685
10013,P12321,II,fit,success,,0.6307584119995227
17205,P12396,II,fit,success,,0.8952940440003658
00381,P12507,II,fit,success,,2.160109788999762
00885,P12828,II,fit,success,,0.7605712369995672
15636,P13681,II,fit,success,,1.4924310129999867
11657,P14207,II,fit,success,,0.2543457640003908
09496,P14608,II,fit,success,,1.3452730210001391
09418,P14609,II,fit,success,,0.14090531100009684
02653,P15944,II,fit,success,,2.021756440999525
15689,P16909,II,fit,success,,5.203319002000171
19637,P17279,II,fit,success,,0.13737159900028928
15071,P17586,II,fit,numerical_failure,EMD reached the declared iteration cap,39.65556762599954
00778,P17672,II,fit,success,,0.24816575400018337
16954,P17962,II,fit,success,,13.549450300999524
17086,P18802,II,fit,success,,9.163121098999909
05258,P00117,III,fit,success,,0.08487469699957728
00746,P00347,III,fit,success,,19.548812808000548
19694,P02160,III,fit,success,,0.09448043100019277
01727,P02194,III,fit,success,,0.24302239500048017
19033,P02408,III,fit,success,,1.4657027210005253
19745,P03633,III,fit,success,,0.09298514099918975
16297,P03729,III,fit,success,,0.5563021789994309
16296,P04807,III,fit,success,,0.06913661199996568
08242,P05066,III,fit,success,,1.5219455859996742
11022,P05666,III,fit,success,,18.83334922299946
17159,P08387,III,fit,success,,2.6296295389993247
07367,P09030,III,fit,success,,0.6097484599995369
19574,P09667,III,fit,success,,2.49909721899985
19876,P09678,III,fit,success,,0.15765069300050527
03368,P09802,III,fit,success,,1.070121263999681
09905,P10654,III,fit,success,,0.5583242289994814
11181,P11096,III,fit,success,,0.14444954999999027
10013,P12321,III,fit,success,,0.19727546400008578
17205,P12396,III,fit,success,,0.12172165399988444
00381,P12507,III,fit,success,,0.3608116389996212
00885,P12828,III,fit,success,,1.2201005749993783
15636,P13681,III,fit,success,,0.29715772700001253
11657,P14207,III,fit,success,,1.7530776680005147
09496,P14608,III,fit,success,,0.1461135829995328
09418,P14609,III,fit,success,,0.2887866559995018
02653,P15944,III,fit,success,,0.38154368300001806
15689,P16909,III,fit,success,,1.5134897899997668
19637,P17279,III,fit,success,,0.761012787999789
15071,P17586,III,fit,numerical_failure,EMD reached the declared iteration cap,38.81729919499958
00778,P17672,III,fit,success,,7.4306904350005425
16954,P17962,III,fit,success,,0.1583527189995948
17086,P18802,III,fit,success,,1.045392480999908
05258,P00117,V1,fit,success,,0.9649864019993402
00746,P00347,V1,fit,success,,30.121239545999742
19694,P02160,V1,fit,success,,2.1493119099995965
01727,P02194,V1,fit,success,,27.175657714999943
19033,P02408,V1,fit,success,,1.9755098890000227
19745,P03633,V1,fit,success,,1.1044804060002207
16297,P03729,V1,fit,success,,3.681799179000336
16296,P04807,V1,fit,success,,1.3605531130006057
08242,P05066,V1,fit,success,,0.13213992999953916
11022,P05666,V1,fit,success,,0.4375370000007024
17159,P08387,V1,fit,success,,9.147702248999849
07367,P09030,V1,fit,success,,8.512605463
19574,P09667,V1,fit,success,,7.776451157000338
19876,P09678,V1,fit,success,,9.931661976999749
03368,P09802,V1,fit,success,,0.13140568200014968
09905,P10654,V1,fit,success,,32.80006636899998
11181,P11096,V1,fit,success,,0.8852664810001443
10013,P12321,V1,fit,success,,4.153264575000321
17205,P12396,V1,fit,success,,2.4851820070007307
00381,P12507,V1,fit,numerical_failure,EMD reached the declared iteration cap,39.452994553999815
00885,P12828,V1,fit,success,,0.9962392030001865
15636,P13681,V1,fit,numerical_failure,EMD reached the declared iteration cap,46.419979117000366
11657,P14207,V1,fit,success,,2.6710267949993067
09496,P14608,V1,fit,numerical_failure,EMD reached the declared iteration cap,45.43944283000019
09418,P14609,V1,fit,success,,1.438027133000105
02653,P15944,V1,fit,success,,0.23298297000019375
15689,P16909,V1,fit,success,,0.35549332200025674
19637,P17279,V1,fit,success,,1.7692130100003851
15071,P17586,V1,fit,numerical_failure,EMD reached the declared iteration cap,38.99462364200008
00778,P17672,V1,fit,success,,17.505498988999534
16954,P17962,V1,fit,success,,14.398749893000058
17086,P18802,V1,fit,success,,53.875700036000126
05258,P00117,V2,fit,success,,5.996081395000147
00746,P00347,V2,fit,success,,23.379104585000277
19694,P02160,V2,fit,success,,0.3249889949993303
01727,P02194,V2,fit,success,,1.3219663959998798
19033,P02408,V2,fit,success,,3.9787852630006455
19745,P03633,V2,fit,success,,5.526933903000099
16297,P03729,V2,fit,success,,3.8737338660002933
16296,P04807,V2,fit,success,,1.6869773420003185
08242,P05066,V2,fit,success,,17.181408123999972
11022,P05666,V2,fit,numerical_failure,EMD reached the declared iteration cap,57.785505120999915
17159,P08387,V2,fit,success,,1.116558194999925
07367,P09030,V2,fit,success,,1.9326664219997838
19574,P09667,V2,fit,success,,34.411088854999434
19876,P09678,V2,fit,success,,0.9526352419998148
03368,P09802,V2,fit,success,,3.0866628359999595
09905,P10654,V2,fit,numerical_failure,EMD reached the declared iteration cap,48.1151293110006
11181,P11096,V2,fit,success,,1.9722794730005262
10013,P12321,V2,fit,success,,3.3145897579997836
17205,P12396,V2,fit,success,,1.9287733549999757
00381,P12507,V2,fit,success,,2.200225978999697
00885,P12828,V2,fit,numerical_failure,EMD reached the declared iteration cap,40.24535074100004
15636,P13681,V2,fit,success,,3.6833425329996317
11657,P14207,V2,fit,success,,21.92186028800006
09496,P14608,V2,fit,success,,0.6456659099994795
09418,P14609,V2,fit,success,,16.914917107000292
02653,P15944,V2,fit,success,,24.641734161000386
15689,P16909,V2,fit,success,,20.53667579499961
19637,P17279,V2,fit,success,,1.0914550349998535
15071,P17586,V2,fit,numerical_failure,EMD reached the declared iteration cap,52.28910497400011
00778,P17672,V2,fit,success,,1.13157173899981
16954,P17962,V2,fit,success,,35.40853275599966
17086,P18802,V2,fit,numerical_failure,EMD reached the declared iteration cap,114.52783480899961
05258,P00117,V3,fit,success,,0.4348271600001681
00746,P00347,V3,fit,numerical_failure,EMD reached the declared iteration cap,55.21097191900026
19694,P02160,V3,fit,success,,1.5928340210002716
01727,P02194,V3,fit,success,,9.174930729999687
19033,P02408,V3,fit,success,,7.03588804500032
19745,P03633,V3,fit,success,,28.721195598000122
16297,P03729,V3,fit,success,,4.218917000000147
16296,P04807,V3,fit,numerical_failure,EMD reached the declared iteration cap,40.465351398000166
08242,P05066,V3,fit,success,,3.6074067760000617
11022,P05666,V3,fit,numerical_failure,EMD reached the declared iteration cap,75.60786288100007
17159,P08387,V3,fit,numerical_failure,EMD reached the declared iteration cap,38.109476964999885
07367,P09030,V3,fit,success,,1.38147898599982
19574,P09667,V3,fit,success,,8.33852721400035
19876,P09678,V3,fit,success,,5.886066955999922
03368,P09802,V3,fit,success,,2.275282173999585
09905,P10654,V3,fit,success,,10.09045396900001
11181,P11096,V3,fit,success,,36.913210583000364
10013,P12321,V3,fit,success,,4.185440379000283
17205,P12396,V3,fit,success,,4.715366129999893
00381,P12507,V3,fit,success,,2.653944849000254
00885,P12828,V3,fit,success,,16.451482850000502
15636,P13681,V3,fit,success,,6.142982085999392
11657,P14207,V3,fit,numerical_failure,EMD reached the declared iteration cap,76.994645408
09496,P14608,V3,fit,success,,1.0182335170002261
09418,P14609,V3,fit,success,,21.39308539099966
02653,P15944,V3,fit,numerical_failure,EMD reached the declared iteration cap,41.670180099999925
15689,P16909,V3,fit,success,,4.606813198000054
19637,P17279,V3,fit,success,,8.787333733000196
15071,P17586,V3,fit,numerical_failure,EMD reached the declared iteration cap,73.44854724799916
00778,P17672,V3,fit,success,,0.14495659000021988
16954,P17962,V3,fit,success,,4.403074509000362
17086,P18802,V3,fit,numerical_failure,EMD reached the declared iteration cap,70.36776482999994
05258,P00117,V4,fit,success,,0.5494311460006429
00746,P00347,V4,fit,numerical_failure,EMD reached the declared iteration cap,54.106343224999364
19694,P02160,V4,fit,success,,17.09677596900019
01727,P02194,V4,fit,success,,10.55886395700054
19033,P02408,V4,fit,success,,18.29925149799965
19745,P03633,V4,fit,success,,0.37941685799978586
16297,P03729,V4,fit,success,,1.7573788709996734
16296,P04807,V4,fit,success,,1.2604948320004041
08242,P05066,V4,fit,success,,7.472192755000833
11022,P05666,V4,fit,success,,4.388122865999321
17159,P08387,V4,fit,success,,9.17600165299973
07367,P09030,V4,fit,success,,9.312925417999395
19574,P09667,V4,fit,numerical_failure,EMD reached the declared iteration cap,42.00389216699932
19876,P09678,V4,fit,success,,4.474556645000121
03368,P09802,V4,fit,success,,10.877935720000096
09905,P10654,V4,fit,success,,9.524529453000468
11181,P11096,V4,fit,success,,0.8677741569999853
10013,P12321,V4,fit,numerical_failure,EMD reached the declared iteration cap,66.00107730000036
17205,P12396,V4,fit,success,,33.41917451600057
00381,P12507,V4,fit,success,,6.062538794999455
00885,P12828,V4,fit,success,,2.8316243959998246
15636,P13681,V4,fit,numerical_failure,EMD reached the declared iteration cap,43.732730521999656
11657,P14207,V4,fit,success,,1.5232177870002488
09496,P14608,V4,fit,success,,2.1988286010000593
09418,P14609,V4,fit,success,,1.1060602600000493
02653,P15944,V4,fit,success,,4.491477909999958
15689,P16909,V4,fit,success,,30.286626162000175
19637,P17279,V4,fit,success,,6.685706561999723
15071,P17586,V4,fit,numerical_failure,EMD reached the declared iteration cap,40.27013026700024
00778,P17672,V4,fit,success,,0.10315160499976628
16954,P17962,V4,fit,success,,13.106609576000665
17086,P18802,V4,fit,success,,25.91581574799966
05258,P00117,V5,fit,success,,1.0748888960006298
00746,P00347,V5,fit,success,,9.581757701999777
19694,P02160,V5,fit,success,,2.7957765630008
01727,P02194,V5,fit,success,,3.862839419000011
19033,P02408,V5,fit,success,,20.0073954770005
19745,P03633,V5,fit,success,,2.9803623779998816
16297,P03729,V5,fit,success,,2.4256949599994186
16296,P04807,V5,fit,success,,4.381626929999584
08242,P05066,V5,fit,success,,1.0741898719998062
11022,P05666,V5,fit,success,,9.913650971999232
17159,P08387,V5,fit,success,,3.602361123999799
07367,P09030,V5,fit,success,,3.2761557189996893
19574,P09667,V5,fit,success,,6.0089729909996095
19876,P09678,V5,fit,success,,2.240588927999852
03368,P09802,V5,fit,success,,22.49203085499994
09905,P10654,V5,fit,success,,0.2735296050004763
11181,P11096,V5,fit,success,,1.9795061980003084
10013,P12321,V5,fit,success,,14.865906695000376
17205,P12396,V5,fit,success,,3.0892813360005675
00381,P12507,V5,fit,success,,28.0636852130001
00885,P12828,V5,fit,success,,2.250464627999463
15636,P13681,V5,fit,success,,2.8903865339998447
11657,P14207,V5,fit,success,,18.447041114000058
09496,P14608,V5,fit,success,,2.046793731999969
09418,P14609,V5,fit,success,,0.40047700600007374
02653,P15944,V5,fit,success,,1.9557410910001636
15689,P16909,V5,fit,numerical_failure,EMD reached the declared iteration cap,51.55181132300004
19637,P17279,V5,fit,success,,4.95516895000037
15071,P17586,V5,fit,numerical_failure,EMD reached the declared iteration cap,41.35176715699981
00778,P17672,V5,fit,success,,0.1942315910000616
16954,P17962,V5,fit,success,,43.618291787999624
17086,P18802,V5,fit,success,,7.1766768929992395
05258,P00117,V6,fit,success,,2.782232859999567
00746,P00347,V6,fit,success,,1.6520537019996482
19694,P02160,V6,fit,success,,0.5904264949995195
01727,P02194,V6,fit,success,,23.375599268999395
19033,P02408,V6,fit,success,,2.4375878370001374
19745,P03633,V6,fit,success,,2.0062005959998714
16297,P03729,V6,fit,success,,12.993450345999918
16296,P04807,V6,fit,success,,0.06519677799951751
08242,P05066,V6,fit,success,,0.2114706649999789
11022,P05666,V6,fit,success,,1.0166469760006294
17159,P08387,V6,fit,success,,6.075495959999898
07367,P09030,V6,fit,success,,0.9359884109999257
19574,P09667,V6,fit,success,,8.048155128999497
19876,P09678,V6,fit,success,,2.722884552999858
03368,P09802,V6,fit,success,,4.075622244999977
09905,P10654,V6,fit,success,,2.700042401999781
11181,P11096,V6,fit,success,,1.1551811939998515
10013,P12321,V6,fit,success,,2.7442366400000537
17205,P12396,V6,fit,success,,3.5441091349994167
00381,P12507,V6,fit,success,,0.339055591000033
00885,P12828,V6,fit,success,,0.45911267700012104
15636,P13681,V6,fit,success,,0.8174083439998867
11657,P14207,V6,fit,success,,10.056086099999447
09496,P14608,V6,fit,success,,0.9001486909992309
09418,P14609,V6,fit,success,,1.6688389569999345
02653,P15944,V6,fit,success,,2.824957935999919
15689,P16909,V6,fit,numerical_failure,EMD reached the declared iteration cap,58.335305216999586
19637,P17279,V6,fit,success,,5.944210243000271
15071,P17586,V6,fit,numerical_failure,EMD reached the declared iteration cap,76.78113104300064
00778,P17672,V6,fit,success,,0.06182013399939024
16954,P17962,V6,fit,success,,1.5367793570003414
17086,P18802,V6,fit,success,,5.769128398999783
05258,P00117,aVF,fit,success,,0.11263778899956378
00746,P00347,aVF,fit,success,,0.2715317070005767
19694,P02160,aVF,fit,success,,0.44716534600047453
01727,P02194,aVF,fit,success,,0.7623892010005875
19033,P02408,aVF,fit,success,,1.365053909999915
19745,P03633,aVF,fit,success,,0.1890455490001841
16297,P03729,aVF,fit,success,,1.1183127020003667
16296,P04807,aVF,fit,success,,0.08351743200000783
08242,P05066,aVF,fit,success,,0.1342567029996644
11022,P05666,aVF,fit,success,,0.7864140409992615
17159,P08387,aVF,fit,success,,1.061774529000104
07367,P09030,aVF,fit,success,,0.08299292599986074
19574,P09667,aVF,fit,success,,0.8130310950000421
19876,P09678,aVF,fit,success,,0.670934744999613
03368,P09802,aVF,fit,success,,1.9933054650000486
09905,P10654,aVF,fit,success,,0.8752553310005169
11181,P11096,aVF,fit,success,,0.1559843989998626
10013,P12321,aVF,fit,success,,0.15047541999956593
17205,P12396,aVF,fit,success,,0.22992586599957576
00381,P12507,aVF,fit,success,,0.43854130699946836
00885,P12828,aVF,fit,success,,0.2788511409999046
15636,P13681,aVF,fit,success,,1.0288387319997128
11657,P14207,aVF,fit,success,,1.8292741120003484
09496,P14608,aVF,fit,success,,0.36237725899991347
09418,P14609,aVF,fit,success,,0.14652867800032254
02653,P15944,aVF,fit,success,,0.439818068999557
15689,P16909,aVF,fit,success,,3.0089750839997578
19637,P17279,aVF,fit,success,,0.05571216600037587
15071,P17586,aVF,fit,numerical_failure,EMD reached the declared iteration cap,67.981175506
00778,P17672,aVF,fit,success,,1.9271314890002031
16954,P17962,aVF,fit,success,,0.7727581620001729
17086,P18802,aVF,fit,success,,0.1079562069999156
05258,P00117,aVL,fit,success,,0.30434097400029714
00746,P00347,aVL,fit,success,,1.3190050650000558
19694,P02160,aVL,fit,success,,1.0827380889995766
01727,P02194,aVL,fit,success,,0.08933215500019287
19033,P02408,aVL,fit,success,,0.7739582589993006
19745,P03633,aVL,fit,success,,0.5799123919996418
16297,P03729,aVL,fit,success,,1.4714238619999378
16296,P04807,aVL,fit,success,,0.10512000400012766
08242,P05066,aVL,fit,success,,1.8261038889995689
11022,P05666,aVL,fit,success,,0.7887607760003448
17159,P08387,aVL,fit,success,,0.33942015600041486
07367,P09030,aVL,fit,success,,0.510037313999419
19574,P09667,aVL,fit,success,,0.5002265180000904
19876,P09678,aVL,fit,success,,1.5228470609999931
03368,P09802,aVL,fit,success,,0.24714712500008318
09905,P10654,aVL,fit,success,,0.2589958230000775
11181,P11096,aVL,fit,success,,0.11904127500019968
10013,P12321,aVL,fit,success,,0.17189463599970622
17205,P12396,aVL,fit,success,,0.5951841950000016
00381,P12507,aVL,fit,success,,0.10059962699961034
00885,P12828,aVL,fit,success,,0.5100407210002231
15636,P13681,aVL,fit,success,,0.14076525299969944
11657,P14207,aVL,fit,success,,1.9764557970001988
09496,P14608,aVL,fit,success,,0.11188813300032052
09418,P14609,aVL,fit,success,,0.4704970310003773
02653,P15944,aVL,fit,success,,0.12484820099962235
15689,P16909,aVL,fit,success,,8.101359683000737
19637,P17279,aVL,fit,success,,1.904637284999808
15071,P17586,aVL,fit,success,,3.8883812630001557
00778,P17672,aVL,fit,success,,1.331569763000516
16954,P17962,aVL,fit,success,,1.6051858920000086
17086,P18802,aVL,fit,success,,2.3635516470003495
05258,P00117,aVR,fit,success,,2.62584761800008
00746,P00347,aVR,fit,success,,0.26638518599975214
19694,P02160,aVR,fit,success,,0.6687853170005837
01727,P02194,aVR,fit,success,,4.69620885599943
19033,P02408,aVR,fit,success,,0.7550071189998562
19745,P03633,aVR,fit,success,,5.073420485000497
16297,P03729,aVR,fit,success,,4.3334547499998735
16296,P04807,aVR,fit,success,,0.12900621800054068
08242,P05066,aVR,fit,success,,0.37926101199991535
11022,P05666,aVR,fit,success,,8.734836816999632
17159,P08387,aVR,fit,success,,1.752135394999641
07367,P09030,aVR,fit,success,,0.5055432959998143
19574,P09667,aVR,fit,success,,4.5907008200001655
19876,P09678,aVR,fit,success,,2.6180913790003615
03368,P09802,aVR,fit,success,,0.618331240999396
09905,P10654,aVR,fit,success,,1.1806586180000522
11181,P11096,aVR,fit,success,,0.3516256049997537
10013,P12321,aVR,fit,success,,0.147682351000185
17205,P12396,aVR,fit,success,,2.211861112999941
00381,P12507,aVR,fit,success,,0.6244850729999598
00885,P12828,aVR,fit,success,,0.0966051499999594
15636,P13681,aVR,fit,success,,0.4827592729998287
11657,P14207,aVR,fit,success,,1.6858112870004334
09496,P14608,aVR,fit,success,,0.8860878790001152
09418,P14609,aVR,fit,success,,0.2597134609995919
02653,P15944,aVR,fit,success,,0.3550792129999536
15689,P16909,aVR,fit,success,,9.491965879999952
19637,P17279,aVR,fit,success,,0.7220654659995489
15071,P17586,aVR,fit,success,,16.410902594000618
00778,P17672,aVR,fit,success,,0.23168074599925603
16954,P17962,aVR,fit,success,,2.5369951270004094
17086,P18802,aVR,fit,success,,2.4070728520000557
